event_id,rup_id,year,rlzi,structural
0,0,0,0,0.00000E+00
0,0,0,0,0.00000E+00
0,0,0,0,0.00000E+00
0,0,0,0,0.00000E+00
0,0,0,0,0.00000E+00
0,0,0,0,0.00000E+00
0,0,0,0,0.00000E+00
0,0,0,0,0.00000E+00
0,0,0,0,0.00000E+00
0,0,0,0,0.00000E+00
0,0,0,0,0.00000E+00
0,0,0,0,0.00000E+00
0,0,0,0,0.00000E+00
0,0,0,0,0.00000E+00
0,0,0,0,0.00000E+00
0,0,0,0,0.00000E+00
0,0,0,0,0.00000E+00
0,0,0,0,0.00000E+00
0,0,0,0,0.00000E+00
0,0,0,0,0.00000E+00
0,0,0,0,0.00000E+00
0,0,0,0,0.00000E+00
0,0,0,0,0.00000E+00
0,0,0,0,0.00000E+00
0,0,0,0,0.00000E+00
0,0,0,0,0.00000E+00
0,0,0,0,0.00000E+00
0,0,0,0,0.00000E+00
0,0,0,0,0.00000E+00
0,0,0,0,0.00000E+00
0,0,0,0,0.00000E+00
0,0,0,0,0.00000E+00
0,0,0,0,0.00000E+00
0,0,0,0,0.00000E+00
0,0,0,0,0.00000E+00
0,0,0,0,0.00000E+00
0,0,0,0,0.00000E+00
0,0,0,0,0.00000E+00
0,0,0,0,0.00000E+00
0,0,0,0,0.00000E+00
0,0,0,0,0.00000E+00
0,0,0,0,0.00000E+00
0,0,0,0,0.00000E+00
0,0,0,0,0.00000E+00
0,0,0,0,0.00000E+00
0,0,0,0,0.00000E+00
0,0,0,0,0.00000E+00
0,0,0,0,0.00000E+00
0,0,0,0,0.00000E+00
0,0,0,0,0.00000E+00
0,0,0,0,0.00000E+00
0,0,0,0,0.00000E+00
0,0,0,0,0.00000E+00
0,0,0,0,0.00000E+00
0,0,0,0,0.00000E+00
0,0,0,0,0.00000E+00
0,0,0,0,0.00000E+00
0,0,0,0,0.00000E+00
0,0,0,0,0.00000E+00
0,0,0,0,0.00000E+00
0,0,0,0,0.00000E+00
0,0,0,0,0.00000E+00
0,0,0,0,0.00000E+00
0,0,0,0,0.00000E+00
0,0,0,0,0.00000E+00
0,0,0,0,0.00000E+00
0,0,0,0,0.00000E+00
0,0,0,0,0.00000E+00
0,0,0,0,0.00000E+00
0,0,0,0,0.00000E+00
0,0,0,0,0.00000E+00
0,0,0,0,0.00000E+00
0,0,0,0,0.00000E+00
0,0,0,0,0.00000E+00
0,0,0,0,0.00000E+00
0,0,0,0,0.00000E+00
0,0,0,0,0.00000E+00
0,0,0,0,0.00000E+00
0,0,0,0,0.00000E+00
0,0,0,0,0.00000E+00
0,0,0,0,0.00000E+00
0,0,0,0,0.00000E+00
0,0,0,0,0.00000E+00
0,0,0,0,0.00000E+00
0,0,0,0,0.00000E+00
0,0,0,0,0.00000E+00
0,0,0,0,0.00000E+00
0,0,0,0,0.00000E+00
0,0,0,0,0.00000E+00
0,0,0,0,0.00000E+00
0,0,0,0,0.00000E+00
0,0,0,0,0.00000E+00
0,0,0,0,0.00000E+00
0,0,0,0,0.00000E+00
0,0,0,0,0.00000E+00
0,0,0,0,0.00000E+00
0,0,0,0,0.00000E+00
0,0,0,0,0.00000E+00
0,0,0,0,0.00000E+00
0,0,0,0,0.00000E+00
0,0,0,0,0.00000E+00
0,0,0,0,0.00000E+00
0,0,0,0,0.00000E+00
0,0,0,0,0.00000E+00
0,0,0,0,0.00000E+00
0,0,0,0,0.00000E+00
0,0,0,0,0.00000E+00
0,0,0,0,0.00000E+00
0,0,0,0,0.00000E+00
0,0,0,0,0.00000E+00
0,0,0,0,0.00000E+00
0,0,0,0,0.00000E+00
0,0,0,0,0.00000E+00
0,0,0,0,0.00000E+00
0,0,0,0,0.00000E+00
0,0,0,0,0.00000E+00
0,0,0,0,0.00000E+00
0,0,0,0,0.00000E+00
0,0,0,0,0.00000E+00
0,0,0,0,0.00000E+00
0,0,0,0,0.00000E+00
0,0,0,0,0.00000E+00
0,0,0,0,0.00000E+00
0,0,0,0,0.00000E+00
0,0,0,0,0.00000E+00
0,0,0,0,0.00000E+00
0,0,0,0,0.00000E+00
0,0,0,0,0.00000E+00
0,0,0,0,0.00000E+00
0,0,0,0,0.00000E+00
0,0,0,0,0.00000E+00
0,0,0,0,0.00000E+00
0,0,0,0,0.00000E+00
0,0,0,0,0.00000E+00
0,0,0,0,0.00000E+00
0,0,0,0,0.00000E+00
0,0,0,0,0.00000E+00
0,0,0,0,0.00000E+00
0,0,0,0,0.00000E+00
0,0,0,0,0.00000E+00
0,0,0,0,0.00000E+00
0,0,0,0,0.00000E+00
0,0,0,0,0.00000E+00
0,0,0,0,0.00000E+00
0,0,0,0,0.00000E+00
0,0,0,0,0.00000E+00
0,0,0,0,0.00000E+00
0,0,0,0,0.00000E+00
0,0,0,0,0.00000E+00
0,0,0,0,0.00000E+00
0,0,0,0,0.00000E+00
0,0,0,0,0.00000E+00
0,0,0,0,0.00000E+00
0,0,0,0,0.00000E+00
0,0,0,0,0.00000E+00
0,0,0,0,0.00000E+00
0,0,0,0,0.00000E+00
0,0,0,0,0.00000E+00
0,0,0,0,0.00000E+00
0,0,0,0,0.00000E+00
0,0,0,0,0.00000E+00
0,0,0,0,0.00000E+00
0,0,0,0,0.00000E+00
0,0,0,0,0.00000E+00
0,0,0,0,0.00000E+00
0,0,0,0,0.00000E+00
0,0,0,0,0.00000E+00
0,0,0,0,0.00000E+00
0,0,0,0,0.00000E+00
0,0,0,0,0.00000E+00
0,0,0,0,0.00000E+00
0,0,0,0,0.00000E+00
0,0,0,0,0.00000E+00
0,0,0,0,0.00000E+00
0,0,0,0,0.00000E+00
0,0,0,0,0.00000E+00
0,0,0,0,0.00000E+00
0,0,0,0,0.00000E+00
0,0,0,0,0.00000E+00
0,0,0,0,0.00000E+00
0,0,0,0,0.00000E+00
0,0,0,0,0.00000E+00
0,0,0,0,0.00000E+00
0,0,0,0,0.00000E+00
0,0,0,0,0.00000E+00
0,0,0,0,0.00000E+00
0,0,0,0,0.00000E+00
0,0,0,0,0.00000E+00
0,0,0,0,0.00000E+00
0,0,0,0,0.00000E+00
0,0,0,0,0.00000E+00
0,0,0,0,0.00000E+00
0,0,0,0,0.00000E+00
0,0,0,0,0.00000E+00
0,0,0,0,0.00000E+00
0,0,0,0,0.00000E+00
0,0,0,0,0.00000E+00
0,0,0,0,0.00000E+00
0,0,0,0,0.00000E+00
0,0,0,0,0.00000E+00
0,0,0,0,0.00000E+00
0,0,0,0,0.00000E+00
0,0,0,0,0.00000E+00
0,0,0,0,0.00000E+00
0,0,0,0,0.00000E+00
0,0,0,0,0.00000E+00
0,0,0,0,0.00000E+00
0,0,0,0,0.00000E+00
0,0,0,0,0.00000E+00
0,0,0,0,0.00000E+00
0,0,0,0,0.00000E+00
0,0,0,0,0.00000E+00
0,0,0,0,0.00000E+00
0,0,0,0,0.00000E+00
0,0,0,0,0.00000E+00
0,0,0,0,0.00000E+00
0,0,0,0,0.00000E+00
0,0,0,0,0.00000E+00
0,0,0,0,0.00000E+00
0,0,0,0,0.00000E+00
0,0,0,0,0.00000E+00
0,0,0,0,0.00000E+00
0,0,0,0,0.00000E+00
0,0,0,0,0.00000E+00
0,0,0,0,0.00000E+00
0,0,0,0,0.00000E+00
0,0,0,0,0.00000E+00
0,0,0,0,0.00000E+00
0,0,0,0,0.00000E+00
0,0,0,0,0.00000E+00
0,0,0,0,0.00000E+00
0,0,0,0,0.00000E+00
0,0,0,0,0.00000E+00
0,0,0,0,0.00000E+00
0,0,0,0,0.00000E+00
0,0,0,0,0.00000E+00
0,0,0,0,0.00000E+00
0,0,0,0,0.00000E+00
0,0,0,0,0.00000E+00
0,0,0,0,0.00000E+00
0,0,0,0,0.00000E+00
0,0,0,0,0.00000E+00
0,0,0,0,0.00000E+00
0,0,0,0,0.00000E+00
0,0,0,0,0.00000E+00
0,0,0,0,0.00000E+00
0,0,0,0,0.00000E+00
0,0,0,0,0.00000E+00
0,0,0,0,0.00000E+00
0,0,0,0,0.00000E+00
0,0,0,0,0.00000E+00
0,0,0,0,0.00000E+00
0,0,0,0,0.00000E+00
0,0,0,0,0.00000E+00
0,0,0,0,0.00000E+00
0,0,0,0,0.00000E+00
0,0,0,0,0.00000E+00
0,0,0,0,0.00000E+00
0,0,0,0,0.00000E+00
0,0,0,0,0.00000E+00
0,0,0,0,0.00000E+00
0,0,0,0,0.00000E+00
0,0,0,0,0.00000E+00
0,0,0,0,0.00000E+00
0,0,0,0,0.00000E+00
0,0,0,0,0.00000E+00
0,0,0,0,0.00000E+00
0,0,0,0,0.00000E+00
0,0,0,0,0.00000E+00
0,0,0,0,0.00000E+00
0,0,0,0,0.00000E+00
0,0,0,0,0.00000E+00
0,0,0,0,0.00000E+00
0,0,0,0,0.00000E+00
0,0,0,0,0.00000E+00
0,0,0,0,0.00000E+00
0,0,0,0,0.00000E+00
0,0,0,0,0.00000E+00
0,0,0,0,0.00000E+00
0,0,0,0,0.00000E+00
0,0,0,0,0.00000E+00
0,0,0,0,0.00000E+00
0,0,0,0,0.00000E+00
0,0,0,0,0.00000E+00
0,0,0,0,0.00000E+00
0,0,0,0,0.00000E+00
0,0,0,0,0.00000E+00
0,0,0,0,0.00000E+00
0,0,0,0,0.00000E+00
0,0,0,0,0.00000E+00
0,0,0,0,0.00000E+00
0,0,0,0,0.00000E+00
0,0,0,0,0.00000E+00
0,0,0,0,0.00000E+00
0,0,0,0,0.00000E+00
0,0,0,0,0.00000E+00
0,0,0,0,0.00000E+00
0,0,0,0,0.00000E+00
0,0,0,0,0.00000E+00
0,0,0,0,0.00000E+00
0,0,0,0,0.00000E+00
0,0,0,0,0.00000E+00
0,0,0,0,0.00000E+00
0,0,0,0,0.00000E+00
0,0,0,0,0.00000E+00
0,0,0,0,0.00000E+00
0,0,0,0,0.00000E+00
0,0,0,0,0.00000E+00
0,0,0,0,0.00000E+00
0,0,0,0,0.00000E+00
0,0,0,0,0.00000E+00
0,0,0,0,0.00000E+00
0,0,0,0,0.00000E+00
0,0,0,0,0.00000E+00
0,0,0,0,0.00000E+00
0,0,0,0,0.00000E+00
0,0,0,0,0.00000E+00
0,0,0,0,0.00000E+00
0,0,0,0,0.00000E+00
0,0,0,0,0.00000E+00
0,0,0,0,0.00000E+00
0,0,0,0,0.00000E+00
0,0,0,0,0.00000E+00
0,0,0,0,0.00000E+00
0,0,0,0,0.00000E+00
0,0,0,0,0.00000E+00
0,0,0,0,0.00000E+00
0,0,0,0,0.00000E+00
0,0,0,0,0.00000E+00
0,0,0,0,0.00000E+00
0,0,0,0,0.00000E+00
0,0,0,0,0.00000E+00
0,0,0,0,0.00000E+00
0,0,0,0,0.00000E+00
0,0,0,0,0.00000E+00
0,0,0,0,0.00000E+00
0,0,0,0,0.00000E+00
0,0,0,0,0.00000E+00
0,0,0,0,0.00000E+00
0,0,0,0,0.00000E+00
0,0,0,0,0.00000E+00
0,0,0,0,0.00000E+00
0,0,0,0,0.00000E+00
0,0,0,0,0.00000E+00
0,0,0,0,0.00000E+00
0,0,0,0,0.00000E+00
0,0,0,0,0.00000E+00
0,0,0,0,0.00000E+00
0,0,0,0,0.00000E+00
0,0,0,0,0.00000E+00
0,0,0,0,0.00000E+00
0,0,0,0,0.00000E+00
0,0,0,0,0.00000E+00
0,0,0,0,0.00000E+00
0,0,0,0,0.00000E+00
0,0,0,0,0.00000E+00
0,0,0,0,0.00000E+00
0,0,0,0,0.00000E+00
0,0,0,0,0.00000E+00
0,0,0,0,0.00000E+00
0,0,0,0,0.00000E+00
0,0,0,0,0.00000E+00
0,0,0,0,0.00000E+00
0,0,0,0,0.00000E+00
0,0,0,0,0.00000E+00
0,0,0,0,0.00000E+00
0,0,0,0,0.00000E+00
0,0,0,0,0.00000E+00
0,0,0,0,0.00000E+00
0,0,0,0,0.00000E+00
0,0,0,0,0.00000E+00
0,0,0,0,0.00000E+00
0,0,0,0,0.00000E+00
0,0,0,0,0.00000E+00
0,0,0,0,0.00000E+00
0,0,0,0,0.00000E+00
0,0,0,0,0.00000E+00
0,0,0,0,0.00000E+00
0,0,0,0,0.00000E+00
0,0,0,0,0.00000E+00
0,0,0,0,0.00000E+00
0,0,0,0,0.00000E+00
0,0,0,0,0.00000E+00
0,0,0,0,0.00000E+00
0,0,0,0,0.00000E+00
0,0,0,0,0.00000E+00
0,0,0,0,0.00000E+00
0,0,0,0,0.00000E+00
0,0,0,0,0.00000E+00
0,0,0,0,0.00000E+00
0,0,0,0,0.00000E+00
0,0,0,0,0.00000E+00
0,0,0,0,0.00000E+00
0,0,0,0,0.00000E+00
0,0,0,0,0.00000E+00
0,0,0,0,0.00000E+00
0,0,0,0,0.00000E+00
0,0,0,0,0.00000E+00
0,0,0,0,0.00000E+00
0,0,0,0,0.00000E+00
0,0,0,0,0.00000E+00
0,0,0,0,0.00000E+00
0,0,0,0,0.00000E+00
0,0,0,0,0.00000E+00
0,0,0,0,0.00000E+00
0,0,0,0,0.00000E+00
0,0,0,0,0.00000E+00
0,0,0,0,0.00000E+00
0,0,0,0,0.00000E+00
0,0,0,0,0.00000E+00
0,0,0,0,0.00000E+00
0,0,0,0,0.00000E+00
0,0,0,0,0.00000E+00
0,0,0,0,0.00000E+00
0,0,0,0,0.00000E+00
0,0,0,0,0.00000E+00
0,0,0,0,0.00000E+00
0,0,0,0,0.00000E+00
0,0,0,0,0.00000E+00
0,0,0,0,0.00000E+00
0,0,0,0,0.00000E+00
0,0,0,0,0.00000E+00
0,0,0,0,0.00000E+00
0,0,0,0,0.00000E+00
0,0,0,0,0.00000E+00
0,0,0,0,0.00000E+00
0,0,0,0,0.00000E+00
0,0,0,0,0.00000E+00
0,0,0,0,0.00000E+00
0,0,0,0,0.00000E+00
0,0,0,0,0.00000E+00
0,0,0,0,0.00000E+00
0,0,0,0,0.00000E+00
0,0,0,0,0.00000E+00
0,0,0,0,0.00000E+00
0,0,0,0,0.00000E+00
0,0,0,0,0.00000E+00
0,0,0,0,0.00000E+00
0,0,0,0,0.00000E+00
0,0,0,0,0.00000E+00
0,0,0,0,0.00000E+00
0,0,0,0,0.00000E+00
0,0,0,0,0.00000E+00
0,0,0,0,0.00000E+00
0,0,0,0,0.00000E+00
0,0,0,0,0.00000E+00
0,0,0,0,0.00000E+00
0,0,0,0,0.00000E+00
0,0,0,0,0.00000E+00
0,0,0,0,0.00000E+00
0,0,0,0,0.00000E+00
0,0,0,0,0.00000E+00
0,0,0,0,0.00000E+00
0,0,0,0,0.00000E+00
0,0,0,0,0.00000E+00
0,0,0,0,0.00000E+00
0,0,0,0,0.00000E+00
0,0,0,0,0.00000E+00
0,0,0,0,0.00000E+00
0,0,0,0,0.00000E+00
0,0,0,0,0.00000E+00
0,0,0,0,0.00000E+00
0,0,0,0,0.00000E+00
0,0,0,0,0.00000E+00
0,0,0,0,0.00000E+00
0,0,0,0,0.00000E+00
0,0,0,0,0.00000E+00
0,0,0,0,0.00000E+00
0,0,0,0,0.00000E+00
0,0,0,0,0.00000E+00
0,0,0,0,0.00000E+00
0,0,0,0,0.00000E+00
0,0,0,0,0.00000E+00
0,0,0,0,0.00000E+00
0,0,0,0,0.00000E+00
0,0,0,0,0.00000E+00
0,0,0,0,0.00000E+00
0,0,0,0,0.00000E+00
0,0,0,0,0.00000E+00
0,0,0,0,0.00000E+00
0,0,0,0,0.00000E+00
0,0,0,0,0.00000E+00
0,0,0,0,0.00000E+00
0,0,0,0,0.00000E+00
0,0,0,0,0.00000E+00
0,0,0,0,0.00000E+00
0,0,0,0,0.00000E+00
0,0,0,0,0.00000E+00
0,0,0,0,0.00000E+00
0,0,0,0,0.00000E+00
0,0,0,0,0.00000E+00
0,0,0,0,0.00000E+00
0,0,0,0,0.00000E+00
0,0,0,0,0.00000E+00
0,0,0,0,0.00000E+00
0,0,0,0,0.00000E+00
0,0,0,0,0.00000E+00
0,0,0,0,0.00000E+00
0,0,0,0,0.00000E+00
0,0,0,0,0.00000E+00
0,0,0,0,0.00000E+00
0,0,0,0,0.00000E+00
0,0,0,0,0.00000E+00
0,0,0,0,0.00000E+00
0,0,0,0,0.00000E+00
0,0,0,0,0.00000E+00
0,0,0,0,0.00000E+00
0,0,0,0,0.00000E+00
0,0,0,0,0.00000E+00
0,0,0,0,0.00000E+00
0,0,0,0,0.00000E+00
0,0,0,0,0.00000E+00
0,0,0,0,0.00000E+00
0,0,0,0,0.00000E+00
0,0,0,0,0.00000E+00
0,0,0,0,0.00000E+00
0,0,0,0,0.00000E+00
0,0,0,0,0.00000E+00
0,0,0,0,0.00000E+00
0,0,0,0,0.00000E+00
0,0,0,0,0.00000E+00
0,0,0,0,0.00000E+00
0,0,0,0,0.00000E+00
0,0,0,0,0.00000E+00
0,0,0,0,0.00000E+00
0,0,0,0,0.00000E+00
0,0,0,0,0.00000E+00
0,0,0,0,0.00000E+00
0,0,0,0,0.00000E+00
0,0,0,0,0.00000E+00
0,0,0,0,0.00000E+00
0,0,0,0,0.00000E+00
0,0,0,0,0.00000E+00
0,0,0,0,0.00000E+00
0,0,0,0,0.00000E+00
0,0,0,0,0.00000E+00
0,0,0,0,0.00000E+00
0,0,0,0,0.00000E+00
0,0,0,0,0.00000E+00
0,0,0,0,0.00000E+00
0,0,0,0,0.00000E+00
0,0,0,0,0.00000E+00
0,0,0,0,0.00000E+00
0,0,0,0,0.00000E+00
0,0,0,0,0.00000E+00
0,0,0,0,0.00000E+00
0,0,0,0,0.00000E+00
0,0,0,0,0.00000E+00
0,0,0,0,0.00000E+00
0,0,0,0,0.00000E+00
0,0,0,0,0.00000E+00
0,0,0,0,0.00000E+00
0,0,0,0,0.00000E+00
0,0,0,0,0.00000E+00
0,0,0,0,0.00000E+00
0,0,0,0,0.00000E+00
0,0,0,0,0.00000E+00
0,0,0,0,0.00000E+00
0,0,0,0,0.00000E+00
0,0,0,0,0.00000E+00
0,0,0,0,0.00000E+00
0,0,0,0,0.00000E+00
0,0,0,0,0.00000E+00
0,0,0,0,0.00000E+00
0,0,0,0,0.00000E+00
0,0,0,0,0.00000E+00
0,0,0,0,0.00000E+00
0,0,0,0,0.00000E+00
0,0,0,0,0.00000E+00
0,0,0,0,0.00000E+00
0,0,0,0,0.00000E+00
0,0,0,0,0.00000E+00
0,0,0,0,0.00000E+00
0,0,0,0,0.00000E+00
0,0,0,0,0.00000E+00
0,0,0,0,0.00000E+00
0,0,0,0,0.00000E+00
0,0,0,0,0.00000E+00
0,0,0,0,0.00000E+00
0,0,0,0,0.00000E+00
0,0,0,0,0.00000E+00
0,0,0,0,0.00000E+00
0,0,0,0,0.00000E+00
0,0,0,0,0.00000E+00
0,0,0,0,0.00000E+00
0,0,0,0,0.00000E+00
0,0,0,0,0.00000E+00
0,0,0,0,0.00000E+00
0,0,0,0,0.00000E+00
0,0,0,0,0.00000E+00
0,0,0,0,0.00000E+00
0,0,0,0,0.00000E+00
0,0,0,0,0.00000E+00
0,0,0,0,0.00000E+00
0,0,0,0,0.00000E+00
0,0,0,0,0.00000E+00
0,0,0,0,0.00000E+00
0,0,0,0,0.00000E+00
0,0,0,0,0.00000E+00
0,0,0,0,0.00000E+00
0,0,0,0,0.00000E+00
0,0,0,0,0.00000E+00
0,0,0,0,0.00000E+00
0,0,0,0,0.00000E+00
0,0,0,0,0.00000E+00
0,0,0,0,0.00000E+00
0,0,0,0,0.00000E+00
0,0,0,0,0.00000E+00
0,0,0,0,0.00000E+00
0,0,0,0,0.00000E+00
0,0,0,0,0.00000E+00
0,0,0,0,0.00000E+00
0,0,0,0,0.00000E+00
0,0,0,0,0.00000E+00
0,0,0,0,0.00000E+00
0,0,0,0,0.00000E+00
0,0,0,0,0.00000E+00
0,0,0,0,0.00000E+00
0,0,0,0,0.00000E+00
0,0,0,0,0.00000E+00
0,0,0,0,0.00000E+00
0,0,0,0,0.00000E+00
0,0,0,0,0.00000E+00
0,0,0,0,0.00000E+00
0,0,0,0,0.00000E+00
0,0,0,0,0.00000E+00
0,0,0,0,0.00000E+00
0,0,0,0,0.00000E+00
0,0,0,0,0.00000E+00
0,0,0,0,0.00000E+00
0,0,0,0,0.00000E+00
0,0,0,0,0.00000E+00
0,0,0,0,0.00000E+00
0,0,0,0,0.00000E+00
0,0,0,0,0.00000E+00
0,0,0,0,0.00000E+00
0,0,0,0,0.00000E+00
0,0,0,0,0.00000E+00
0,0,0,0,0.00000E+00
0,0,0,0,0.00000E+00
0,0,0,0,0.00000E+00
0,0,0,0,0.00000E+00
0,0,0,0,0.00000E+00
0,0,0,0,0.00000E+00
0,0,0,0,0.00000E+00
0,0,0,0,0.00000E+00
0,0,0,0,0.00000E+00
0,0,0,0,0.00000E+00
0,0,0,0,0.00000E+00
0,0,0,0,0.00000E+00
0,0,0,0,0.00000E+00
0,0,0,0,0.00000E+00
0,0,0,0,0.00000E+00
0,0,0,0,0.00000E+00
0,0,0,0,0.00000E+00
0,0,0,0,0.00000E+00
0,0,0,0,0.00000E+00
0,0,0,0,0.00000E+00
0,0,0,0,0.00000E+00
0,0,0,0,0.00000E+00
0,0,0,0,0.00000E+00
0,0,0,0,0.00000E+00
0,0,0,0,0.00000E+00
0,0,0,0,0.00000E+00
0,0,0,0,0.00000E+00
0,0,0,0,0.00000E+00
0,0,0,0,0.00000E+00
0,0,0,0,0.00000E+00
0,0,0,0,0.00000E+00
0,0,0,0,0.00000E+00
0,0,0,0,0.00000E+00
0,0,0,0,0.00000E+00
0,0,0,0,0.00000E+00
0,0,0,0,0.00000E+00
0,0,0,0,0.00000E+00
0,0,0,0,0.00000E+00
0,0,0,0,0.00000E+00
0,0,0,0,0.00000E+00
0,0,0,0,0.00000E+00
0,0,0,0,0.00000E+00
0,0,0,0,0.00000E+00
0,0,0,0,0.00000E+00
0,0,0,0,0.00000E+00
0,0,0,0,0.00000E+00
0,0,0,0,0.00000E+00
0,0,0,0,0.00000E+00
0,0,0,0,0.00000E+00
0,0,0,0,0.00000E+00
0,0,0,0,0.00000E+00
0,0,0,0,0.00000E+00
0,0,0,0,0.00000E+00
0,0,0,0,0.00000E+00
0,0,0,0,0.00000E+00
0,0,0,0,0.00000E+00
0,0,0,0,0.00000E+00
0,0,0,0,0.00000E+00
0,0,0,0,0.00000E+00
0,0,0,0,0.00000E+00
0,0,0,0,0.00000E+00
0,0,0,0,0.00000E+00
0,0,0,0,0.00000E+00
0,0,0,0,0.00000E+00
0,0,0,0,0.00000E+00
0,0,0,0,0.00000E+00
0,0,0,0,0.00000E+00
0,0,0,0,0.00000E+00
0,0,0,0,0.00000E+00
0,0,0,0,0.00000E+00
0,0,0,0,0.00000E+00
0,0,0,0,0.00000E+00
0,0,0,0,0.00000E+00
0,0,0,0,0.00000E+00
0,0,0,0,0.00000E+00
0,0,0,0,0.00000E+00
0,0,0,0,0.00000E+00
0,0,0,0,0.00000E+00
0,0,0,0,0.00000E+00
0,0,0,0,0.00000E+00
0,0,0,0,0.00000E+00
0,0,0,0,0.00000E+00
0,0,0,0,0.00000E+00
0,0,0,0,0.00000E+00
0,0,0,0,0.00000E+00
0,0,0,0,0.00000E+00
0,0,0,0,0.00000E+00
0,0,0,0,0.00000E+00
0,0,0,0,0.00000E+00
0,0,0,0,0.00000E+00
0,0,0,0,0.00000E+00
0,0,0,0,0.00000E+00
0,0,0,0,0.00000E+00
0,0,0,0,0.00000E+00
0,0,0,0,0.00000E+00
0,0,0,0,0.00000E+00
0,0,0,0,0.00000E+00
0,0,0,0,0.00000E+00
0,0,0,0,0.00000E+00
0,0,0,0,0.00000E+00
0,0,0,0,0.00000E+00
0,0,0,0,0.00000E+00
0,0,0,0,0.00000E+00
0,0,0,0,0.00000E+00
0,0,0,0,0.00000E+00
0,0,0,0,0.00000E+00
0,0,0,0,0.00000E+00
0,0,0,0,0.00000E+00
0,0,0,0,0.00000E+00
0,0,0,0,0.00000E+00
0,0,0,0,0.00000E+00
0,0,0,0,0.00000E+00
0,0,0,0,0.00000E+00
0,0,0,0,0.00000E+00
0,0,0,0,0.00000E+00
0,0,0,0,0.00000E+00
0,0,0,0,0.00000E+00
0,0,0,0,0.00000E+00
0,0,0,0,0.00000E+00
0,0,0,0,0.00000E+00
0,0,0,0,0.00000E+00
0,0,0,0,0.00000E+00
0,0,0,0,0.00000E+00
0,0,0,0,0.00000E+00
0,0,0,0,0.00000E+00
0,0,0,0,0.00000E+00
0,0,0,0,0.00000E+00
0,0,0,0,0.00000E+00
0,0,0,0,0.00000E+00
0,0,0,0,0.00000E+00
0,0,0,0,0.00000E+00
0,0,0,0,0.00000E+00
0,0,0,0,0.00000E+00
0,0,0,0,0.00000E+00
0,0,0,0,0.00000E+00
0,0,0,0,0.00000E+00
0,0,0,0,3.29990E+09
1,0,0,0,2.68308E+05
2,0,0,0,1.32369E+05
3,0,0,0,1.98477E+07
5,0,0,0,4.18673E+07
6,0,0,0,9.84585E+05
7,0,0,0,9.35635E+07
8,0,0,0,9.97715E+06
9,0,0,0,2.41915E+06
10,0,0,0,3.59178E+05
11,0,0,0,2.19563E+07
12,0,0,0,3.01899E+06
14,0,0,0,5.81670E+05
16,0,0,0,7.32182E+05
17,0,0,0,8.80750E+05
18,0,0,0,9.08269E+05
19,0,0,0,1.05332E+08
21,0,0,0,7.00260E+06
22,0,0,0,6.14147E+05
23,0,0,0,1.10432E+06
24,0,0,0,1.61324E+06
26,0,0,0,4.68590E+06
27,0,0,0,5.76503E+06
28,0,0,0,7.25401E+06
29,0,0,0,1.76668E+06
31,0,0,0,5.87505E+06
33,0,0,0,5.86782E+04
34,0,0,0,7.39695E+05
35,0,0,0,4.49175E+05
36,0,0,0,5.95371E+07
38,0,0,0,1.44193E+06
39,0,0,0,4.14260E+06
40,0,0,0,6.32083E+06
41,0,0,0,8.36735E+05
42,0,0,0,2.69409E+05
43,0,0,0,4.26462E+05
45,0,0,0,7.80337E+05
46,0,0,0,6.66538E+07
48,0,0,0,1.71036E+05
49,0,0,0,3.17846E+05
50,0,0,0,2.37336E+07
51,0,0,0,1.23885E+08
52,0,0,0,5.03590E+05
53,0,0,0,5.00186E+06
55,0,0,0,4.53666E+07
56,0,0,0,3.30701E+08
57,0,0,0,7.55810E+03
61,0,0,0,9.14609E+04
65,0,0,0,2.24730E+05
66,0,0,0,3.25570E+05
67,0,0,0,5.95464E+03
68,0,0,0,1.00383E+05
70,0,0,0,3.05863E+05
72,0,0,0,8.91412E+03
73,0,0,0,3.30613E+04
78,0,0,0,1.34783E+05
83,0,0,0,2.87033E+06
84,0,0,0,4.32746E+06
85,0,0,0,1.92282E+04
87,0,0,0,4.49723E+06
89,0,0,0,4.71320E+06
90,0,0,0,3.42084E+05
91,0,0,0,7.28479E+03
92,0,0,0,5.86520E+06
93,0,0,0,1.58444E+05
94,0,0,0,1.14994E+05
96,0,0,0,2.12542E+04
99,0,0,0,6.75269E+04
100,0,0,0,4.61977E+04
102,0,0,0,1.42714E+07
104,0,0,0,4.75433E+05
109,0,0,0,1.05919E+05
113,0,0,0,6.08501E+04
115,0,0,0,8.80837E+05
118,0,0,0,1.28792E+05
119,0,0,0,3.40458E+09
120,0,0,0,8.11309E+07
122,0,0,0,3.52240E+06
123,0,0,0,3.07441E+06
124,0,0,0,2.04432E+06
125,0,0,0,1.58063E+07
126,0,0,0,2.82568E+05
127,0,0,0,5.13648E+04
128,0,0,0,1.16458E+08
129,0,0,0,2.37597E+08
130,0,0,0,1.69476E+04
131,0,0,0,5.49664E+07
132,0,0,0,1.46741E+05
134,0,0,0,2.98462E+06
135,0,0,0,7.94970E+05
136,0,0,0,2.56469E+06
137,0,0,0,4.42192E+04
139,0,0,0,1.46029E+07
140,0,0,0,3.47609E+07
141,0,0,0,9.88912E+05
142,0,0,0,1.31428E+06
143,0,0,0,1.30276E+08
145,0,0,0,1.28583E+06
146,0,0,0,3.29804E+05
147,0,0,0,2.35478E+05
149,0,0,0,1.04739E+07
150,0,0,0,6.18500E+06
151,0,0,0,1.40833E+05
153,0,0,0,6.66255E+07
154,0,0,0,1.12534E+05
155,0,0,0,3.90125E+06
156,0,0,0,3.56323E+05
158,0,0,0,3.89168E+06
159,0,0,0,1.29245E+05
160,0,0,0,3.15839E+05
163,0,0,0,2.04473E+07
164,0,0,0,2.20915E+06
165,0,0,0,2.81220E+04
166,0,0,0,4.48872E+06
168,0,0,0,7.27259E+06
169,0,0,0,3.86510E+05
170,0,0,0,4.35356E+06
171,0,0,0,1.85510E+07
172,0,0,0,6.04338E+06
173,0,0,0,1.10566E+08
175,0,0,0,2.71707E+07
176,0,0,0,8.56615E+05
177,0,0,0,6.69376E+06
178,0,0,0,1.39633E+05
181,0,0,0,3.84710E+07
182,0,0,0,4.74199E+07
184,0,0,0,2.96309E+07
185,0,0,0,2.26436E+05
187,0,0,0,4.10210E+06
189,0,0,0,1.23693E+06
190,0,0,0,1.25551E+04
191,0,0,0,7.16991E+04
193,0,0,0,3.91573E+07
194,0,0,0,1.68021E+07
195,0,0,0,3.01792E+06
198,0,0,0,2.29413E+06
201,0,0,0,5.38054E+05
203,0,0,0,2.67121E+07
204,0,0,0,2.32243E+06
206,0,0,0,2.81363E+07
208,0,0,0,5.34113E+06
209,0,0,0,5.06466E+07
210,0,0,0,7.12518E+03
211,0,0,0,1.12117E+07
213,0,0,0,6.12406E+05
214,0,0,0,6.48757E+06
215,0,0,0,1.68819E+05
216,0,0,0,4.46675E+04
218,0,0,0,3.34425E+06
219,0,0,0,2.30227E+06
220,0,0,0,5.59843E+06
221,0,0,0,5.18894E+04
222,0,0,0,1.29176E+05
223,0,0,0,8.01872E+05
225,0,0,0,2.86711E+08
226,0,0,0,4.25719E+04
227,0,0,0,1.06700E+07
228,0,0,0,1.58121E+07
229,0,0,0,1.61210E+07
231,0,0,0,2.81572E+06
232,0,0,0,2.89565E+05
233,0,0,0,4.58289E+05
234,0,0,0,1.22723E+08
235,0,0,0,1.22329E+07
236,0,0,0,1.86901E+07
238,0,0,0,7.08673E+07
240,0,0,0,2.45902E+05
241,0,0,0,7.27435E+04
242,0,0,0,4.46257E+06
243,0,0,0,2.13912E+08
248,0,0,0,4.45786E+06
249,0,0,0,4.80165E+04
253,0,0,0,5.63057E+05
256,0,0,0,8.63993E+06
259,0,0,0,4.78796E+05
261,0,0,0,1.14356E+06
264,0,0,0,8.93709E+06
265,0,0,0,2.87845E+06
266,0,0,0,1.81450E+07
268,0,0,0,5.80392E+03
271,0,0,0,7.02570E+06
273,0,0,0,9.27024E+05
274,0,0,0,1.53647E+06
275,0,0,0,8.94506E+03
276,0,0,0,2.66006E+05
278,0,0,0,5.50457E+03
280,0,0,0,3.47046E+04
281,0,0,0,3.94416E+06
282,0,0,0,1.64071E+05
284,0,0,0,1.13629E+05
288,0,0,0,6.72303E+05
292,0,0,0,1.75096E+06
294,0,0,0,1.09652E+07
296,0,0,0,1.68688E+05
298,0,0,0,6.68658E+04
299,0,0,0,6.67381E+05
306,0,0,0,6.91921E+05
308,0,0,0,4.68444E+06
312,0,0,0,1.68115E+04
313,0,0,0,4.36595E+04
315,0,0,0,2.57563E+05
316,0,0,0,2.43197E+05
319,0,0,0,1.86107E+08
320,0,0,0,1.29815E+06
321,0,0,0,1.19011E+05
322,0,0,0,4.75121E+06
323,0,0,0,3.05268E+06
324,0,0,0,2.21981E+05
325,0,0,0,1.18764E+06
327,0,0,0,4.09996E+05
328,0,0,0,3.11152E+05
329,0,0,0,2.27517E+05
330,0,0,0,3.41560E+05
331,0,0,0,4.90349E+06
332,0,0,0,6.51667E+05
333,0,0,0,1.45195E+06
334,0,0,0,6.03170E+05
335,0,0,0,3.91068E+06
336,0,0,0,8.17086E+06
337,0,0,0,1.35238E+05
338,0,0,0,3.41725E+05
339,0,0,0,4.05549E+06
340,0,0,0,6.53088E+05
341,0,0,0,1.05978E+06
342,0,0,0,2.22644E+06
343,0,0,0,2.67998E+06
344,0,0,0,3.13532E+06
346,0,0,0,5.42228E+09
347,0,0,0,1.95991E+05
348,0,0,0,9.16224E+05
350,0,0,0,1.23274E+06
351,0,0,0,1.78514E+04
352,0,0,0,5.29829E+05
353,0,0,0,7.74148E+05
354,0,0,0,4.11289E+06
355,0,0,0,8.24339E+07
359,0,0,0,5.27401E+05
361,0,0,0,6.17500E+05
362,0,0,0,2.44629E+08
363,0,0,0,2.11825E+07
364,0,0,0,9.24345E+06
365,0,0,0,1.22585E+05
366,0,0,0,8.83684E+06
372,0,0,0,6.19471E+07
373,0,0,0,8.05294E+06
374,0,0,0,1.41296E+06
376,0,0,0,8.27329E+04
377,0,0,0,1.57460E+05
379,0,0,0,8.08275E+05
381,0,0,0,1.00892E+06
382,0,0,0,1.91454E+04
383,0,0,0,3.70552E+06
385,0,0,0,1.37152E+06
386,0,0,0,7.19687E+04
388,0,0,0,4.31769E+05
391,0,0,0,4.88390E+05
392,0,0,0,3.22583E+05
393,0,0,0,1.76320E+08
394,0,0,0,2.16881E+07
398,0,0,0,1.11411E+07
400,0,0,0,2.52778E+08
401,0,0,0,9.18804E+06
403,0,0,0,1.15054E+08
404,0,0,0,1.33996E+07
406,0,0,0,2.35071E+06
408,0,0,0,2.39985E+07
415,0,0,0,3.15039E+05
418,0,0,0,3.11117E+04
419,0,0,0,1.45735E+06
421,0,0,0,6.75417E+06
422,0,0,0,7.52651E+05
424,0,0,0,1.11925E+07
425,0,0,0,1.29914E+07
427,0,0,0,4.22655E+05
430,0,0,0,4.20237E+05
431,0,0,0,9.77162E+04
433,0,0,0,2.60094E+08
434,0,0,0,2.70045E+06
436,0,0,0,3.70283E+05
438,0,0,0,4.36281E+04
443,0,0,0,3.23325E+06
445,0,0,0,4.51784E+05
446,0,0,0,6.84478E+06
447,0,0,0,2.63077E+05
450,0,0,0,5.16243E+04
451,0,0,0,6.42127E+05
453,0,0,0,4.52615E+05
456,0,0,0,1.34231E+05
458,0,0,0,7.34010E+05
460,0,0,0,7.14000E+06
461,0,0,0,9.07074E+06
468,0,0,0,1.01891E+08
477,0,0,0,1.78664E+06
479,0,0,0,6.45717E+06
481,0,0,0,3.99128E+07
482,0,0,0,5.61391E+04
484,0,0,0,5.48456E+06
490,0,0,0,6.34991E+05
491,0,0,0,2.50916E+05
492,0,0,0,1.22688E+05
493,0,0,0,4.22872E+05
494,0,0,0,1.19107E+05
496,0,0,0,8.34582E+07
499,0,0,0,5.49214E+05
500,0,0,0,3.28352E+05
501,0,0,0,1.82906E+06
503,0,0,0,2.78942E+07
504,0,0,0,4.08553E+07
505,0,0,0,1.61073E+06
507,0,0,0,7.25532E+04
508,0,0,0,1.85701E+06
510,0,0,0,3.48814E+06
511,0,0,0,1.14835E+07
514,0,0,0,1.03154E+07
516,0,0,0,1.03770E+06
519,0,0,0,3.11239E+05
520,0,0,0,2.67208E+05
521,0,0,0,8.90696E+05
522,0,0,0,7.90726E+05
523,0,0,0,3.66032E+05
524,0,0,0,1.32699E+07
525,0,0,0,1.68518E+06
526,0,0,0,1.60302E+07
528,0,0,0,4.43509E+05
529,0,0,0,9.36646E+04
530,0,0,0,7.00722E+05
531,0,0,0,1.74415E+07
532,0,0,0,1.50918E+08
535,0,0,0,6.07130E+04
536,0,0,0,1.03790E+06
539,0,0,0,1.93292E+06
540,0,0,0,2.44151E+06
541,0,0,0,3.90250E+06
543,0,0,0,7.07608E+05
546,0,0,0,2.50692E+07
547,0,0,0,9.02347E+05
549,0,0,0,8.44402E+04
551,0,0,0,1.02253E+06
552,0,0,0,3.69910E+09
554,0,0,0,2.56035E+06
555,0,0,0,6.68643E+05
556,0,0,0,2.63654E+07
557,0,0,0,5.92269E+05
558,0,0,0,8.06897E+04
559,0,0,0,2.97368E+05
560,0,0,0,1.89727E+08
562,0,0,0,7.94723E+07
563,0,0,0,5.49009E+06
564,0,0,0,5.41517E+05
566,0,0,0,3.18510E+08
568,0,0,0,3.64444E+06
569,0,0,0,1.57206E+06
571,0,0,0,1.92333E+08
572,0,0,0,1.86568E+06
573,0,0,0,2.38530E+06
574,0,0,0,6.47480E+06
575,0,0,0,1.06947E+06
576,0,0,0,1.45050E+05
577,0,0,0,7.87054E+06
578,0,0,0,1.88622E+06
581,0,0,0,9.52436E+04
583,0,0,0,2.65587E+06
584,0,0,0,7.01152E+07
585,0,0,0,1.25457E+07
586,0,0,0,3.66592E+06
587,0,0,0,1.66339E+06
588,0,0,0,2.45262E+06
589,0,0,0,1.64642E+07
592,0,0,0,2.06946E+06
593,0,0,0,3.94722E+07
594,0,0,0,7.20289E+06
595,0,0,0,6.88721E+03
596,0,0,0,1.62208E+07
597,0,0,0,3.72552E+07
598,0,0,0,2.55138E+05
599,0,0,0,6.73128E+05
602,0,0,0,1.17958E+06
604,0,0,0,2.68322E+06
605,0,0,0,3.54180E+05
606,0,0,0,2.35599E+06
607,0,0,0,6.63440E+05
608,0,0,0,2.44771E+07
610,0,0,0,3.81589E+06
611,0,0,0,9.44001E+05
614,0,0,0,1.21829E+07
615,0,0,0,1.46259E+07
617,0,0,0,1.00331E+05
626,0,0,0,4.22387E+05
643,0,0,0,1.72908E+08
645,0,0,0,5.21402E+05
646,0,0,0,5.96130E+04
647,0,0,0,1.22455E+05
648,0,0,0,1.73468E+04
651,0,0,0,7.98728E+04
652,0,0,0,1.38655E+05
653,0,0,0,2.38112E+04
654,0,0,0,9.10165E+04
655,0,0,0,2.10082E+05
657,0,0,0,6.49888E+05
663,0,0,0,4.89852E+05
665,0,0,0,1.61262E+05
666,0,0,0,1.83668E+05
667,0,0,0,3.36387E+04
671,0,0,0,1.11465E+05
674,0,0,0,1.99788E+06
677,0,0,0,1.75820E+06
678,0,0,0,2.66875E+05
679,0,0,0,1.24231E+05
681,0,0,0,2.34946E+05
682,0,0,0,4.26157E+04
685,0,0,0,2.61673E+04
687,0,0,0,9.60683E+04
689,0,0,0,1.21023E+05
690,0,0,0,1.09993E+05
691,0,0,0,6.33101E+03
692,0,0,0,1.26807E+06
693,0,0,0,1.41359E+05
694,0,0,0,1.16969E+05
698,0,0,0,1.26743E+07
699,0,0,0,6.12386E+05
700,0,0,0,4.36513E+06
702,0,0,0,9.48563E+04
704,0,0,0,9.77609E+04
706,0,0,0,1.58890E+05
708,0,0,0,1.77291E+04
709,0,0,0,1.83147E+05
711,0,0,0,3.45846E+05
712,0,0,0,1.59500E+05
715,0,0,0,2.27710E+07
717,0,0,0,2.51800E+04
718,0,0,0,1.36658E+05
720,0,0,0,1.57289E+06
721,0,0,0,2.01934E+06
722,0,0,0,1.22402E+05
724,0,0,0,1.08087E+07
725,0,0,0,4.67643E+06
727,0,0,0,1.22575E+06
730,0,0,0,1.53590E+04
731,0,0,0,1.15535E+04
732,0,0,0,1.41839E+05
733,0,0,0,1.43206E+04
734,0,0,0,6.36580E+05
736,0,0,0,5.57217E+04
738,0,0,0,7.83899E+04
739,0,0,0,1.25370E+05
740,0,0,0,1.09848E+05
741,0,0,0,1.39779E+05
744,0,0,0,7.20445E+05
748,0,0,0,1.00628E+08
750,0,0,0,8.34539E+05
751,0,0,0,9.80556E+05
752,0,0,0,2.83072E+07
755,0,0,0,4.03145E+04
756,0,0,0,4.74351E+05
758,0,0,0,1.39252E+04
764,0,0,0,1.04261E+05
765,0,0,0,1.79390E+05
768,0,0,0,2.05846E+04
771,0,0,0,2.42871E+04
772,0,0,0,2.52749E+04
776,0,0,0,2.79396E+05
777,0,0,0,1.85109E+05
778,0,0,0,9.25115E+03
779,0,0,0,2.89457E+05
780,0,0,0,9.70496E+03
781,0,0,0,6.47083E+05
782,0,0,0,1.62063E+04
784,0,0,0,2.18971E+05
787,0,0,0,4.13421E+04
788,0,0,0,5.90081E+06
791,0,0,0,1.77781E+06
792,0,0,0,1.53673E+05
793,0,0,0,3.20875E+04
795,0,0,0,1.50769E+04
798,0,0,0,3.15640E+05
800,0,0,0,2.59444E+05
801,0,0,0,3.06059E+05
802,0,0,0,2.46632E+04
804,0,0,0,3.90259E+04
805,0,0,0,3.69327E+05
806,0,0,0,2.59941E+05
808,0,0,0,7.14482E+04
809,0,0,0,4.47165E+04
810,0,0,0,9.88146E+05
813,0,0,0,3.88280E+04
815,0,0,0,4.91287E+05
817,0,0,0,3.76042E+05
818,0,0,0,2.68828E+06
819,0,0,0,1.03466E+05
820,0,0,0,1.49050E+04
821,0,0,0,1.01473E+04
823,0,0,0,6.71034E+04
824,0,0,0,1.50357E+04
825,0,0,0,1.50023E+04
827,0,0,0,1.68405E+04
829,0,0,0,1.36523E+05
830,0,0,0,8.68058E+04
831,0,0,0,1.52681E+07
834,0,0,0,1.61666E+05
835,0,0,0,7.22786E+05
837,0,0,0,3.44419E+07
838,0,0,0,4.34334E+04
840,0,0,0,1.89226E+05
842,0,0,0,1.04264E+05
845,0,0,0,7.35457E+03
847,0,0,0,3.17202E+04
849,0,0,0,4.29995E+05
850,0,0,0,6.02782E+04
851,0,0,0,3.09777E+05
852,0,0,0,3.70253E+05
855,0,0,0,8.52439E+05
856,0,0,0,1.99166E+05
857,0,0,0,1.77412E+05
858,0,0,0,1.02093E+10
859,0,0,0,4.82787E+05
860,0,0,0,5.48896E+06
861,0,0,0,4.44443E+05
862,0,0,0,1.27760E+07
863,0,0,0,5.88883E+06
864,0,0,0,7.17594E+06
865,0,0,0,4.19717E+07
866,0,0,0,2.25436E+07
867,0,0,0,3.16433E+07
868,0,0,0,3.21879E+07
869,0,0,0,2.86091E+05
870,0,0,0,1.25723E+06
872,0,0,0,7.40420E+05
875,0,0,0,8.47639E+06
877,0,0,0,4.90510E+06
878,0,0,0,9.50037E+05
879,0,0,0,1.47326E+07
881,0,0,0,2.66468E+06
883,0,0,0,6.92123E+05
886,0,0,0,3.19982E+06
887,0,0,0,2.16792E+05
888,0,0,0,1.68306E+07
889,0,0,0,3.75610E+06
890,0,0,0,1.68863E+05
891,0,0,0,5.42708E+07
892,0,0,0,1.97092E+05
893,0,0,0,5.05673E+06
894,0,0,0,1.72464E+05
895,0,0,0,1.86279E+06
897,0,0,0,8.50389E+06
898,0,0,0,5.04907E+05
899,0,0,0,5.09397E+06
900,0,0,0,4.27877E+07
903,0,0,0,2.95504E+07
904,0,0,0,4.95163E+06
905,0,0,0,1.80882E+07
906,0,0,0,4.89231E+06
907,0,0,0,3.77599E+06
908,0,0,0,3.88966E+07
909,0,0,0,1.99117E+06
910,0,0,0,2.89464E+07
911,0,0,0,8.53881E+07
913,0,0,0,8.37032E+05
914,0,0,0,1.12267E+07
915,0,0,0,2.87443E+07
916,0,0,0,6.12668E+04
917,0,0,0,1.18413E+07
918,0,0,0,5.35867E+08
919,0,0,0,2.06770E+08
921,0,0,0,2.39186E+06
922,0,0,0,1.12394E+06
923,0,0,0,1.64463E+06
925,0,0,0,5.94784E+05
926,0,0,0,1.41237E+08
927,0,0,0,1.88482E+07
928,0,0,0,9.51538E+05
929,0,0,0,1.40913E+05
930,0,0,0,1.20172E+06
931,0,0,0,1.21339E+08
932,0,0,0,2.93857E+07
933,0,0,0,1.81128E+07
935,0,0,0,3.30799E+07
936,0,0,0,6.86118E+06
937,0,0,0,4.20761E+05
938,0,0,0,1.31881E+04
939,0,0,0,6.98293E+05
940,0,0,0,2.63351E+06
941,0,0,0,1.01810E+09
942,0,0,0,1.23582E+06
943,0,0,0,8.03155E+06
944,0,0,0,4.42122E+06
945,0,0,0,4.55597E+06
946,0,0,0,1.54482E+06
947,0,0,0,1.50456E+05
948,0,0,0,5.10264E+04
949,0,0,0,1.07420E+06
950,0,0,0,4.35430E+06
951,0,0,0,3.49277E+06
952,0,0,0,1.54215E+06
953,0,0,0,8.09175E+05
954,0,0,0,2.22155E+06
957,0,0,0,2.08806E+06
958,0,0,0,5.10009E+04
959,0,0,0,7.67440E+04
960,0,0,0,1.37543E+06
962,0,0,0,5.00552E+05
963,0,0,0,1.61855E+07
964,0,0,0,4.80921E+05
966,0,0,0,1.63555E+06
967,0,0,0,1.36002E+07
968,0,0,0,4.03470E+06
969,0,0,0,5.65241E+05
972,0,0,0,3.49948E+04
973,0,0,0,3.45496E+06
974,0,0,0,3.04480E+06
975,0,0,0,1.69176E+07
977,0,0,0,1.55304E+05
979,0,0,0,3.08188E+05
981,0,0,0,5.16693E+04
983,0,0,0,4.52850E+04
985,0,0,0,1.38440E+05
986,0,0,0,1.82223E+06
987,0,0,0,2.50480E+05
988,0,0,0,1.79824E+05
990,0,0,0,2.24053E+06
991,0,0,0,5.71793E+04
992,0,0,0,5.04324E+05
993,0,0,0,9.12862E+05
994,0,0,0,1.22980E+06
997,0,0,0,1.35732E+06
998,0,0,0,3.14577E+05
999,0,0,0,1.42833E+06
1000,0,0,0,1.84935E+06
1001,0,0,0,1.30841E+05
1005,0,0,0,1.55464E+06
1007,0,0,0,9.12191E+04
1008,0,0,0,2.22692E+05
1009,0,0,0,5.13806E+04
1010,0,0,0,1.97210E+06
1011,0,0,0,1.05979E+07
1012,0,0,0,9.59827E+04
1013,0,0,0,5.60730E+06
1015,0,0,0,6.46082E+05
1016,0,0,0,1.98430E+07
1018,0,0,0,1.88866E+07
1019,0,0,0,3.01603E+06
1020,0,0,0,7.87453E+04
1021,0,0,0,1.25009E+04
1023,0,0,0,2.64371E+06
1024,0,0,0,4.70320E+04
1025,0,0,0,7.13517E+06
1027,0,0,0,2.61724E+05
1028,0,0,0,1.08443E+06
1029,0,0,0,2.36493E+05
1030,0,0,0,2.44807E+05
1032,0,0,0,3.26796E+06
1033,0,0,0,3.27107E+05
1034,0,0,0,1.31265E+05
1035,0,0,0,1.89605E+04
1038,0,0,0,4.04165E+05
1039,0,0,0,3.04754E+05
1040,0,0,0,4.14060E+04
1041,0,0,0,1.00254E+05
1042,0,0,0,5.66891E+04
1044,0,0,0,4.21732E+06
1045,0,0,0,4.07447E+05
1046,0,0,0,8.38447E+04
1050,0,0,0,5.15823E+04
1051,0,0,0,1.64218E+05
1053,0,0,0,3.02974E+06
1054,0,0,0,2.10809E+07
1055,0,0,0,6.84538E+05
1056,0,0,0,4.63670E+05
1057,0,0,0,3.84155E+04
1058,0,0,0,4.21898E+04
1061,0,0,0,1.68890E+07
1063,0,0,0,2.65078E+04
1064,0,0,0,2.48007E+05
1065,0,0,0,6.26548E+04
1068,0,0,0,1.99010E+05
1070,0,0,0,1.42637E+05
1071,0,0,0,1.53496E+07
1072,0,0,0,6.85689E+08
1073,0,0,0,1.88429E+06
1075,0,0,0,8.98176E+06
1076,0,0,0,5.31864E+04
1077,0,0,0,1.56793E+07
1079,0,0,0,1.91691E+06
1080,0,0,0,8.06784E+04
1081,0,0,0,2.72911E+05
1084,0,0,0,2.00576E+06
1085,0,0,0,4.23507E+05
1086,0,0,0,9.17561E+04
1087,0,0,0,5.75916E+04
1088,0,0,0,2.82478E+05
1093,0,0,0,3.40106E+05
1095,0,0,0,2.75259E+06
1096,0,0,0,2.61982E+05
1097,0,0,0,4.89581E+06
1101,0,0,0,1.37057E+06
1102,0,0,0,3.16111E+07
1105,0,0,0,6.87461E+06
1106,0,0,0,1.00699E+05
1107,0,0,0,1.45062E+07
1109,0,0,0,2.64783E+05
1110,0,0,0,8.33053E+05
1111,0,0,0,1.20189E+05
1112,0,0,0,8.25183E+05
1115,0,0,0,3.91822E+05
1116,0,0,0,1.41037E+06
1117,0,0,0,1.26363E+05
1118,0,0,0,3.88056E+06
1119,0,0,0,8.17498E+05
1124,0,0,0,4.47808E+05
1125,0,0,0,1.57397E+06
1126,0,0,0,5.46958E+04
1127,0,0,0,2.85524E+05
1130,0,0,0,1.56067E+07
1131,0,0,0,3.92519E+06
1135,0,0,0,1.67394E+05
1136,0,0,0,7.64344E+06
1137,0,0,0,3.36928E+05
1138,0,0,0,2.92063E+07
1139,0,0,0,2.21401E+05
1141,0,0,0,1.02214E+06
1142,0,0,0,1.49113E+07
1144,0,0,0,2.03312E+05
1146,0,0,0,3.69468E+05
1147,0,0,0,2.13237E+06
1148,0,0,0,2.66830E+05
1149,0,0,0,1.19475E+06
1152,0,0,0,7.98976E+05
1153,0,0,0,2.42507E+06
1154,0,0,0,1.95799E+05
1157,0,0,0,8.35716E+04
1158,0,0,0,3.06915E+05
1159,0,0,0,9.86935E+06
1161,0,0,0,2.95273E+04
1162,0,0,0,1.03501E+05
1164,0,0,0,2.27176E+05
1165,0,0,0,1.60805E+05
1166,0,0,0,3.49960E+05
1168,0,0,0,8.82385E+05
1169,0,0,0,2.77459E+07
1175,0,0,0,5.72713E+05
1177,0,0,0,9.20726E+05
1178,0,0,0,4.27583E+04
1180,0,0,0,2.04879E+05
1181,0,0,0,1.34823E+04
1182,0,0,0,8.83970E+05
1187,0,0,0,2.64169E+05
1188,0,0,0,1.07513E+05
1192,0,0,0,2.10199E+05
1193,0,0,0,4.47973E+05
1196,0,0,0,2.29860E+06
1202,0,0,0,1.12699E+05
1203,0,0,0,2.30415E+06
1207,0,0,0,6.12835E+05
1209,0,0,0,4.48618E+05
1210,0,0,0,2.93310E+06
1212,0,0,0,5.91369E+05
1214,0,0,0,2.20909E+06
1215,0,0,0,2.14251E+05
1217,0,0,0,9.72173E+06
1218,0,0,0,2.05392E+04
1219,0,0,0,6.17697E+04
1220,0,0,0,1.16186E+05
1223,0,0,0,7.57492E+04
1226,0,0,0,1.69239E+07
1229,0,0,0,1.68181E+07
1232,0,0,0,3.65249E+07
1233,0,0,0,5.95793E+06
1234,0,0,0,2.05138E+06
1237,0,0,0,7.25724E+04
1238,0,0,0,4.31451E+07
1240,0,0,0,2.15006E+06
1244,0,0,0,2.11200E+04
1252,0,0,0,6.81775E+05
1253,0,0,0,4.84912E+05
1255,0,0,0,3.97794E+05
1257,0,0,0,2.56555E+05
1258,0,0,0,3.74340E+04
1259,0,0,0,1.02120E+05
1262,0,0,0,1.79105E+04
1266,0,0,0,2.08254E+04
1272,0,0,0,7.40086E+05
1273,0,0,0,5.70860E+03
1274,0,0,0,1.38970E+04
1275,0,0,0,2.91652E+05
1276,0,0,0,3.13445E+04
1277,0,0,0,1.13590E+05
1278,0,0,0,7.56866E+05
1279,0,0,0,4.52299E+05
1281,0,0,0,4.75967E+04
1282,0,0,0,2.07572E+05
1283,0,0,0,1.01321E+04
1285,0,0,0,5.41481E+05
1287,0,0,0,1.83853E+04
1290,0,0,0,3.66881E+05
1291,0,0,0,5.46986E+05
1292,0,0,0,9.27767E+09
1294,0,0,0,1.45084E+07
1295,0,0,0,6.68849E+06
1296,0,0,0,1.23800E+05
1297,0,0,0,5.51102E+04
1298,0,0,0,1.35808E+07
1299,0,0,0,6.74363E+08
1300,0,0,0,2.43574E+05
1301,0,0,0,4.29771E+06
1302,0,0,0,1.75097E+05
1304,0,0,0,6.44550E+06
1305,0,0,0,1.50422E+06
1306,0,0,0,1.69723E+06
1307,0,0,0,3.91263E+07
1308,0,0,0,6.74364E+06
1309,0,0,0,4.80864E+05
1310,0,0,0,2.36445E+07
1311,0,0,0,2.22958E+06
1312,0,0,0,3.98801E+05
1313,0,0,0,9.58953E+07
1314,0,0,0,2.48873E+05
1315,0,0,0,1.91013E+05
1316,0,0,0,5.40931E+07
1318,0,0,0,4.15993E+06
1319,0,0,0,5.13827E+06
1320,0,0,0,7.06801E+05
1321,0,0,0,3.30380E+05
1322,0,0,0,7.39793E+05
1326,0,0,0,1.38108E+08
1327,0,0,0,1.42748E+06
1329,0,0,0,1.33680E+05
1330,0,0,0,3.30996E+06
1331,0,0,0,2.52419E+06
1332,0,0,0,4.22029E+06
1333,0,0,0,1.47952E+07
1334,0,0,0,1.31201E+07
1335,0,0,0,2.70242E+05
1336,0,0,0,6.29129E+06
1337,0,0,0,2.11986E+06
1338,0,0,0,4.27364E+07
1340,0,0,0,3.52327E+08
1341,0,0,0,7.37575E+07
1342,0,0,0,7.58843E+07
1344,0,0,0,5.68741E+06
1345,0,0,0,7.59684E+05
1347,0,0,0,1.32151E+07
1348,0,0,0,4.44479E+07
1349,0,0,0,1.55193E+06
1351,0,0,0,5.28577E+05
1353,0,0,0,4.38075E+06
1354,0,0,0,1.35018E+07
1356,0,0,0,3.26300E+06
1357,0,0,0,2.38386E+06
1358,0,0,0,2.66233E+07
1361,0,0,0,3.15002E+06
1363,0,0,0,8.57432E+07
1364,0,0,0,4.63858E+06
1365,0,0,0,3.86058E+07
1367,0,0,0,4.53410E+06
1368,0,0,0,2.37832E+07
1369,0,0,0,1.29154E+08
1370,0,0,0,1.00638E+06
1372,0,0,0,2.79466E+05
1374,0,0,0,6.83039E+07
1375,0,0,0,8.48593E+05
1376,0,0,0,3.07239E+05
1377,0,0,0,1.16483E+05
1378,0,0,0,7.56062E+05
1379,0,0,0,5.11805E+06
1380,0,0,0,2.69840E+05
1381,0,0,0,2.10393E+05
1382,0,0,0,3.76299E+05
1383,0,0,0,3.14919E+06
1384,0,0,0,3.95748E+05
1385,0,0,0,6.96418E+05
1386,0,0,0,3.82246E+07
1387,0,0,0,1.00751E+07
1388,0,0,0,1.56211E+07
1389,0,0,0,1.72855E+07
1390,0,0,0,2.70005E+08
1391,0,0,0,1.22836E+06
1392,0,0,0,6.26693E+06
1393,0,0,0,3.20013E+06
1394,0,0,0,1.64740E+07
1395,0,0,0,4.58659E+06
1396,0,0,0,2.50870E+06
1397,0,0,0,1.29557E+08
1398,0,0,0,5.20931E+08
1399,0,0,0,5.68863E+05
1400,0,0,0,3.02506E+05
1401,0,0,0,4.80635E+05
1402,0,0,0,1.19189E+07
1405,0,0,0,6.01180E+07
1406,0,0,0,2.92063E+06
1407,0,0,0,3.93438E+06
1408,0,0,0,7.88290E+08
1409,0,0,0,2.24084E+05
1410,0,0,0,1.02092E+07
1411,0,0,0,5.01086E+05
1412,0,0,0,1.95295E+07
1414,0,0,0,4.30296E+06
1415,0,0,0,2.88113E+05
1416,0,0,0,1.39357E+07
1417,0,0,0,1.40624E+06
1418,0,0,0,8.32918E+05
1419,0,0,0,3.65506E+07
1420,0,0,0,1.54990E+06
1421,0,0,0,2.20829E+06
1422,0,0,0,4.97911E+06
1423,0,0,0,2.75766E+06
1424,0,0,0,8.27225E+06
1425,0,0,0,8.54309E+06
1426,0,0,0,5.12598E+06
1427,0,0,0,3.82179E+07
1428,0,0,0,8.27789E+06
1429,0,0,0,8.09499E+06
1430,0,0,0,1.92974E+05
1431,0,0,0,9.03856E+05
1432,0,0,0,2.80109E+07
1433,0,0,0,2.59453E+08
1434,0,0,0,4.88800E+06
1435,0,0,0,1.30531E+07
1436,0,0,0,2.92849E+06
1437,0,0,0,9.93251E+06
1438,0,0,0,6.14316E+08
1439,0,0,0,8.99357E+04
1440,0,0,0,2.30572E+05
1442,0,0,0,6.86150E+05
1443,0,0,0,2.44692E+07
1444,0,0,0,3.99694E+05
1445,0,0,0,1.51679E+05
1446,0,0,0,1.88039E+06
1447,0,0,0,2.58681E+06
1449,0,0,0,1.56130E+07
1450,0,0,0,6.82734E+06
1451,0,0,0,8.63769E+06
1452,0,0,0,8.53541E+07
1453,0,0,0,6.05188E+05
1454,0,0,0,5.58850E+06
1456,0,0,0,7.96119E+05
1457,0,0,0,2.85919E+06
1458,0,0,0,4.59684E+06
1459,0,0,0,6.17313E+06
1460,0,0,0,9.86207E+07
1461,0,0,0,6.12787E+07
1462,0,0,0,2.82128E+05
1463,0,0,0,3.05684E+06
1464,0,0,0,7.70727E+05
1465,0,0,0,3.33273E+07
1466,0,0,0,1.75059E+06
1467,0,0,0,7.14789E+05
1468,0,0,0,2.35323E+06
1469,0,0,0,9.85778E+08
1470,0,0,0,1.09782E+06
1471,0,0,0,3.60545E+06
1472,0,0,0,2.26481E+08
1473,0,0,0,6.31312E+06
1474,0,0,0,1.75079E+07
1475,0,0,0,1.66907E+09
1476,0,0,0,1.08494E+06
1477,0,0,0,4.07480E+06
1479,0,0,0,1.40085E+06
1480,0,0,0,1.46054E+06
1481,0,0,0,1.36760E+06
1482,0,0,0,1.63493E+06
1483,0,0,0,9.19345E+03
1484,0,0,0,8.39994E+05
1485,0,0,0,3.38304E+06
1487,0,0,0,1.45007E+06
1488,0,0,0,2.32654E+06
1490,0,0,0,5.07148E+06
1491,0,0,0,1.42237E+07
1492,0,0,0,6.77150E+07
1493,0,0,0,6.06808E+06
1494,0,0,0,2.75876E+07
1495,0,0,0,1.15042E+08
1496,0,0,0,3.39448E+07
1497,0,0,0,5.70114E+06
1500,0,0,0,1.04965E+08
1501,0,0,0,8.42883E+06
1502,0,0,0,1.46640E+06
1504,0,0,0,2.99757E+08
1505,0,0,0,1.07074E+08
1506,0,0,0,1.43894E+06
1507,0,0,0,1.37337E+04
1508,0,0,0,5.60499E+05
1509,0,0,0,1.32964E+07
1510,0,0,0,2.58900E+07
1511,0,0,0,6.59467E+07
1512,0,0,0,1.75480E+06
1513,0,0,0,1.56515E+06
1514,0,0,0,9.31299E+07
1515,0,0,0,1.45291E+07
1516,0,0,0,1.88181E+07
1517,0,0,0,1.08514E+07
1522,0,0,0,7.64654E+06
1523,0,0,0,4.14365E+07
1524,0,0,0,8.51066E+06
1525,0,0,0,2.37060E+06
1526,0,0,0,7.62083E+06
1527,0,0,0,6.28372E+04
1529,0,0,0,3.21605E+06
1530,0,0,0,4.70381E+06
1531,0,0,0,1.58484E+05
1532,0,0,0,6.30900E+05
1533,0,0,0,1.53860E+07
1534,0,0,0,6.66297E+05
1535,0,0,0,1.10562E+07
1536,0,0,0,5.85484E+06
1537,0,0,0,1.72599E+07
1538,0,0,0,5.78280E+05
1540,0,0,0,4.73106E+06
1542,0,0,0,1.22344E+07
1543,0,0,0,1.80854E+06
1544,0,0,0,4.63981E+08
1546,0,0,0,7.76822E+05
1548,0,0,0,9.76268E+04
1549,0,0,0,3.87523E+05
1550,0,0,0,2.50042E+06
1551,0,0,0,1.22406E+05
1552,0,0,0,1.65755E+08
1553,0,0,0,3.67208E+05
1554,0,0,0,2.79609E+05
1557,0,0,0,1.72639E+06
1559,0,0,0,3.38131E+05
1560,0,0,0,2.31028E+06
1561,0,0,0,8.06741E+08
1562,0,0,0,6.93835E+06
1564,0,0,0,3.33137E+07
1565,0,0,0,2.46738E+07
1566,0,0,0,1.26742E+05
1567,0,0,0,2.93426E+07
1570,0,0,0,9.24790E+06
1571,0,0,0,2.21565E+07
1572,0,0,0,9.11219E+05
1573,0,0,0,5.69108E+07
1574,0,0,0,8.28795E+07
1576,0,0,0,2.73921E+06
1577,0,0,0,1.88280E+05
1578,0,0,0,9.23710E+08
1579,0,0,0,2.09306E+08
1580,0,0,0,2.93306E+05
1581,0,0,0,1.24710E+06
1582,0,0,0,4.45627E+07
1583,0,0,0,1.08039E+06
1584,0,0,0,1.13340E+06
1585,0,0,0,9.47132E+06
1586,0,0,0,3.96611E+07
1587,0,0,0,5.11615E+07
1588,0,0,0,4.05436E+07
1589,0,0,0,1.20779E+06
1590,0,0,0,1.45289E+06
1591,0,0,0,4.81663E+06
1592,0,0,0,5.19604E+06
1593,0,0,0,1.87046E+05
1594,0,0,0,1.42558E+08
1595,0,0,0,5.16380E+05
1596,0,0,0,5.02504E+05
1597,0,0,0,3.08298E+08
1599,0,0,0,9.39400E+07
1600,0,0,0,3.13495E+05
1601,0,0,0,3.33752E+06
1602,0,0,0,1.43059E+05
1603,0,0,0,8.55340E+06
1604,0,0,0,9.25300E+07
1606,0,0,0,4.93959E+06
1608,0,0,0,3.67902E+06
1609,0,0,0,2.12643E+07
1610,0,0,0,2.88123E+06
1613,0,0,0,5.45562E+06
1614,0,0,0,1.04200E+08
1615,0,0,0,5.36750E+06
1616,0,0,0,6.63163E+06
1617,0,0,0,4.77416E+07
1618,0,0,0,5.77993E+06
1620,0,0,0,2.04330E+06
1621,0,0,0,1.71283E+08
1622,0,0,0,8.63832E+05
1623,0,0,0,1.00659E+07
1625,0,0,0,3.67144E+06
1626,0,0,0,5.07918E+06
1627,0,0,0,7.60724E+04
1628,0,0,0,1.35818E+07
1629,0,0,0,4.12391E+05
1630,0,0,0,5.10153E+04
1631,0,0,0,1.44549E+07
1632,0,0,0,1.38719E+07
1633,0,0,0,3.89842E+06
1634,0,0,0,6.57445E+05
1635,0,0,0,3.63657E+06
1638,0,0,0,1.41171E+08
1639,0,0,0,5.85582E+06
1640,0,0,0,4.10423E+06
1641,0,0,0,2.53308E+07
1642,0,0,0,7.29349E+07
1643,0,0,0,1.90694E+05
1644,0,0,0,2.39967E+06
1645,0,0,0,9.18491E+04
1646,0,0,0,1.80528E+06
1647,0,0,0,2.97925E+07
1648,0,0,0,1.28841E+08
1649,0,0,0,1.93164E+06
1650,0,0,0,2.35925E+06
1651,0,0,0,2.34935E+08
1652,0,0,0,9.43495E+06
1653,0,0,0,1.30809E+07
1654,0,0,0,7.73648E+05
1655,0,0,0,2.96376E+05
1656,0,0,0,1.87368E+05
1657,0,0,0,4.50658E+05
1658,0,0,0,3.12267E+08
1660,0,0,0,1.24772E+06
1662,0,0,0,1.76781E+04
1664,0,0,0,4.28013E+04
1665,0,0,0,1.08352E+08
1666,0,0,0,2.48780E+06
1667,0,0,0,2.06199E+05
1668,0,0,0,5.03752E+06
1671,0,0,0,3.27751E+06
1672,0,0,0,3.03170E+06
1673,0,0,0,9.69283E+06
1674,0,0,0,5.97054E+04
1675,0,0,0,2.66992E+07
1676,0,0,0,1.05451E+09
1678,0,0,0,7.66654E+04
1679,0,0,0,1.07603E+07
1680,0,0,0,1.48067E+05
1681,0,0,0,2.68286E+07
1682,0,0,0,2.85270E+06
1683,0,0,0,1.61826E+06
1684,0,0,0,1.13938E+06
1685,0,0,0,1.23462E+06
1686,0,0,0,5.51738E+05
1687,0,0,0,3.13601E+07
1688,0,0,0,4.19438E+06
1689,0,0,0,5.69803E+07
1690,0,0,0,1.22424E+06
1691,0,0,0,4.24646E+05
1692,0,0,0,8.43451E+05
1693,0,0,0,6.00594E+05
1694,0,0,0,1.51735E+05
1695,0,0,0,2.99473E+07
1698,0,0,0,8.51019E+06
1699,0,0,0,2.17249E+07
1700,0,0,0,7.33029E+06
1701,0,0,0,2.14265E+08
1702,0,0,0,1.01750E+07
1703,0,0,0,1.45395E+07
1704,0,0,0,6.70658E+05
1707,0,0,0,3.80178E+06
1708,0,0,0,9.69534E+06
1709,0,0,0,4.34719E+06
1710,0,0,0,2.16221E+07
1711,0,0,0,1.38320E+05
1712,0,0,0,3.49905E+07
1714,0,0,0,2.90610E+05
1715,0,0,0,1.83910E+07
1716,0,0,0,2.35950E+06
1717,0,0,0,3.06858E+05
1718,0,0,0,2.66698E+08
1719,0,0,0,9.86246E+06
1720,0,0,0,2.67973E+07
1721,0,0,0,3.95746E+06
1722,0,0,0,1.71955E+06
1724,0,0,0,4.49856E+07
1726,0,0,0,1.19120E+06
1727,0,0,0,8.39422E+06
1728,0,0,0,6.53320E+06
1729,0,0,0,2.78437E+06
1730,0,0,0,2.21914E+07
1731,0,0,0,7.19025E+05
1732,0,0,0,2.02921E+08
1733,0,0,0,9.21778E+06
1734,0,0,0,6.74993E+06
1735,0,0,0,1.11929E+05
1736,0,0,0,9.12948E+06
1737,0,0,0,3.36569E+06
1738,0,0,0,3.23206E+07
1739,0,0,0,2.42586E+05
1740,0,0,0,6.67061E+07
1741,0,0,0,3.45210E+05
1742,0,0,0,5.52170E+07
1743,0,0,0,2.91036E+07
1744,0,0,0,4.73403E+06
1745,0,0,0,2.08643E+06
1747,0,0,0,3.74123E+06
1748,0,0,0,1.05682E+07
1749,0,0,0,5.11343E+07
1750,0,0,0,4.14127E+05
1751,0,0,0,1.29142E+06
1753,0,0,0,1.09533E+06
1754,0,0,0,6.75307E+07
1755,0,0,0,4.21740E+07
1756,0,0,0,1.99665E+07
1757,0,0,0,4.18434E+08
1758,0,0,0,1.78271E+06
1759,0,0,0,3.77062E+07
1760,0,0,0,9.75853E+06
1761,0,0,0,3.62548E+06
1762,0,0,0,8.81345E+07
1763,0,0,0,2.42966E+05
1764,0,0,0,2.08953E+06
1765,0,0,0,2.39921E+07
1766,0,0,0,1.12697E+07
1769,0,0,0,2.54723E+05
1771,0,0,0,4.56364E+04
1773,0,0,0,1.35717E+05
1777,0,0,0,4.03614E+04
1791,0,0,0,3.40440E+09
1792,0,0,0,8.79465E+05
1793,0,0,0,1.93874E+07
1794,0,0,0,1.14877E+07
1795,0,0,0,1.66329E+05
1796,0,0,0,4.10538E+06
1797,0,0,0,2.38271E+06
1798,0,0,0,2.53996E+05
1799,0,0,0,4.60434E+05
1800,0,0,0,5.64936E+06
1801,0,0,0,3.08792E+07
1803,0,0,0,2.65931E+06
1804,0,0,0,1.34094E+07
1805,0,0,0,5.98552E+06
1806,0,0,0,5.02737E+05
1808,0,0,0,7.64934E+07
1809,0,0,0,3.81664E+05
1810,0,0,0,5.23827E+07
1811,0,0,0,7.39160E+06
1812,0,0,0,1.57681E+07
1813,0,0,0,2.18909E+08
1814,0,0,0,2.10695E+05
1815,0,0,0,7.02979E+07
1817,0,0,0,9.55728E+05
1818,0,0,0,2.05687E+05
1819,0,0,0,2.45916E+06
1820,0,0,0,3.44293E+06
1821,0,0,0,2.05582E+07
1822,0,0,0,2.93564E+06
1823,0,0,0,4.80802E+06
1824,0,0,0,1.07617E+07
1825,0,0,0,1.63265E+06
1826,0,0,0,7.88331E+06
1827,0,0,0,7.74714E+06
1828,0,0,0,1.13762E+06
1829,0,0,0,3.59866E+08
1830,0,0,0,3.23500E+06
1831,0,0,0,4.13459E+06
1832,0,0,0,1.31583E+07
1833,0,0,0,1.17174E+06
1834,0,0,0,2.03052E+07
1835,0,0,0,7.98028E+05
1838,0,0,0,5.26118E+05
1839,0,0,0,4.61856E+06
1840,0,0,0,9.56500E+05
1841,0,0,0,2.12731E+06
1842,0,0,0,1.72461E+05
1843,0,0,0,7.08873E+06
1845,0,0,0,6.40409E+04
1846,0,0,0,1.54732E+06
1847,0,0,0,3.92225E+06
1848,0,0,0,2.70706E+06
1849,0,0,0,1.77260E+08
1850,0,0,0,3.63293E+05
1851,0,0,0,6.25126E+07
1852,0,0,0,2.01393E+05
1853,0,0,0,1.63070E+07
1861,0,0,0,6.46358E+05
1875,0,0,0,5.51177E+07
1877,0,0,0,5.85876E+05
1879,0,0,0,1.97198E+06
1881,0,0,0,7.31205E+04
1882,0,0,0,9.55503E+04
1883,0,0,0,2.09764E+05
1884,0,0,0,5.23155E+04
1886,0,0,0,2.06595E+05
1889,0,0,0,6.22043E+07
1891,0,0,0,1.29662E+05
1892,0,0,0,1.05836E+05
1895,0,0,0,2.39360E+05
1896,0,0,0,9.07780E+04
1898,0,0,0,4.45241E+04
1899,0,0,0,6.77041E+05
1900,0,0,0,1.11789E+06
1901,0,0,0,2.04809E+08
1904,0,0,0,5.30815E+05
1906,0,0,0,5.86033E+05
1907,0,0,0,4.47392E+04
1909,0,0,0,1.83193E+04
1910,0,0,0,2.63456E+06
1912,0,0,0,1.58405E+06
1914,0,0,0,1.16081E+04
1917,0,0,0,5.62644E+06
1918,0,0,0,8.89283E+04
1919,0,0,0,3.51376E+06
1920,0,0,0,6.78128E+06
1921,0,0,0,1.22840E+07
1923,0,0,0,1.38906E+06
1925,0,0,0,1.08941E+05
1927,0,0,0,2.49745E+05
1928,0,0,0,9.16032E+04
1929,0,0,0,3.61179E+06
1930,0,0,0,5.45944E+05
1931,0,0,0,4.06108E+06
1932,0,0,0,5.96143E+06
1934,0,0,0,1.50777E+05
1935,0,0,0,2.47020E+06
1936,0,0,0,5.78934E+09
1937,0,0,0,1.79724E+04
1938,0,0,0,1.13786E+07
1939,0,0,0,7.01754E+05
1944,0,0,0,1.46015E+05
1945,0,0,0,7.52839E+05
1947,0,0,0,1.82780E+08
1949,0,0,0,7.89502E+05
1954,0,0,0,6.46030E+04
1955,0,0,0,3.13597E+06
1956,0,0,0,4.55143E+05
1961,0,0,0,1.12014E+06
1962,0,0,0,9.98895E+06
1964,0,0,0,4.48854E+06
1967,0,0,0,1.03495E+05
1969,0,0,0,1.73275E+06
1970,0,0,0,1.81856E+06
1972,0,0,0,1.65724E+07
1973,0,0,0,5.56389E+05
1974,0,0,0,2.43925E+05
1977,0,0,0,3.96770E+05
1978,0,0,0,7.21957E+05
1979,0,0,0,6.01993E+05
1981,0,0,0,1.14058E+07
1982,0,0,0,2.05280E+05
1983,0,0,0,3.24445E+06
1984,0,0,0,6.26811E+05
1985,0,0,0,1.02810E+04
1986,0,0,0,1.65497E+08
1987,0,0,0,3.21173E+06
1988,0,0,0,6.96356E+03
1989,0,0,0,1.00450E+05
1991,0,0,0,2.44837E+08
1993,0,0,0,1.75314E+05
1994,0,0,0,1.78356E+05
1998,0,0,0,1.96240E+06
2001,0,0,0,2.15275E+05
2003,0,0,0,3.17166E+06
2006,0,0,0,6.16291E+04
2007,0,0,0,6.48046E+05
2008,0,0,0,3.70516E+07
2010,0,0,0,1.05096E+05
2011,0,0,0,5.58477E+07
2012,0,0,0,4.39434E+06
2014,0,0,0,1.44911E+08
2015,0,0,0,4.99309E+04
2016,0,0,0,4.52270E+04
2017,0,0,0,4.65258E+05
2019,0,0,0,1.83051E+07
2020,0,0,0,1.28196E+07
2022,0,0,0,7.05603E+07
2024,0,0,0,5.07832E+05
2025,0,0,0,2.69802E+07
2026,0,0,0,4.05993E+05
2027,0,0,0,3.76533E+07
2028,0,0,0,4.13485E+07
2029,0,0,0,8.78972E+04
2030,0,0,0,1.96817E+06
2032,0,0,0,4.09299E+07
2033,0,0,0,3.33130E+05
2034,0,0,0,3.51221E+06
2035,0,0,0,1.13242E+06
2036,0,0,0,3.79653E+07
2039,0,0,0,5.35866E+06
2040,0,0,0,4.76300E+05
2041,0,0,0,1.97626E+06
2044,0,0,0,2.63579E+06
2045,0,0,0,2.85415E+05
2047,0,0,0,9.79804E+07
2048,0,0,0,2.40383E+06
2049,0,0,0,1.49849E+05
2050,0,0,0,3.19786E+07
2051,0,0,0,7.66924E+05
2052,0,0,0,1.20482E+06
2053,0,0,0,5.79000E+06
2055,0,0,0,6.56673E+05
2056,0,0,0,2.68679E+05
2058,0,0,0,3.27241E+08
2059,0,0,0,3.09510E+06
2060,0,0,0,1.20898E+08
2061,0,0,0,1.56101E+06
2062,0,0,0,8.96356E+05
2063,0,0,0,1.87454E+06
2064,0,0,0,2.72196E+06
2065,0,0,0,7.34877E+05
2069,0,0,0,6.88602E+05
2070,0,0,0,3.96792E+05
2071,0,0,0,1.03211E+07
2072,0,0,0,3.05663E+05
2073,0,0,0,4.89575E+06
2075,0,0,0,4.82739E+05
2076,0,0,0,7.33219E+05
2079,0,0,0,9.19805E+04
2080,0,0,0,2.71114E+06
2082,0,0,0,1.90314E+06
2085,0,0,0,2.02132E+05
2086,0,0,0,1.86604E+07
2088,0,0,0,9.01465E+05
2089,0,0,0,3.99563E+08
2090,0,0,0,5.16059E+06
2091,0,0,0,4.09825E+06
2092,0,0,0,4.16041E+05
2094,0,0,0,3.00327E+07
2095,0,0,0,4.16681E+06
2096,0,0,0,2.36686E+04
2098,0,0,0,6.76277E+03
2101,0,0,0,2.05857E+04
2105,0,0,0,7.68480E+06
2106,0,0,0,2.42692E+06
2109,0,0,0,1.47567E+06
2110,0,0,0,6.23486E+05
2112,0,0,0,2.20498E+06
2114,0,0,0,7.98656E+05
2118,0,0,0,1.43851E+05
2119,0,0,0,2.22483E+07
2120,0,0,0,6.10678E+07
2121,0,0,0,2.68681E+05
2122,0,0,0,1.13951E+08
2123,0,0,0,2.55607E+07
2124,0,0,0,1.19976E+07
2125,0,0,0,3.24767E+05
2126,0,0,0,4.09958E+08
2129,0,0,0,7.36297E+05
2131,0,0,0,1.69313E+06
2135,0,0,0,3.10762E+09
2136,0,0,0,6.36568E+05
2137,0,0,0,2.60841E+07
2138,0,0,0,1.41727E+06
2140,0,0,0,7.76203E+06
2142,0,0,0,8.44830E+06
2143,0,0,0,5.69023E+07
2144,0,0,0,4.55245E+05
2145,0,0,0,2.87640E+07
2146,0,0,0,5.05769E+06
2147,0,0,0,1.18033E+08
2148,0,0,0,3.48562E+05
2149,0,0,0,6.61421E+05
2150,0,0,0,8.07138E+06
2151,0,0,0,5.56807E+05
2152,0,0,0,3.57879E+07
2153,0,0,0,1.56440E+07
2155,0,0,0,2.52087E+06
2156,0,0,0,4.61934E+06
2157,0,0,0,5.99429E+06
2159,0,0,0,1.12236E+06
2161,0,0,0,1.38279E+07
2162,0,0,0,2.64036E+06
2163,0,0,0,3.40307E+06
2165,0,0,0,7.66348E+05
2166,0,0,0,1.76729E+07
2167,0,0,0,9.87785E+04
2168,0,0,0,9.67830E+05
2169,0,0,0,2.90393E+06
2172,0,0,0,2.79604E+06
2173,0,0,0,1.88372E+06
2174,0,0,0,1.04914E+07
2175,0,0,0,1.51706E+07
2177,0,0,0,6.04363E+07
2179,0,0,0,1.09122E+07
2181,0,0,0,1.13654E+06
2182,0,0,0,8.29563E+03
2184,0,0,0,2.15254E+06
2185,0,0,0,4.92358E+06
2186,0,0,0,1.58860E+08
2187,0,0,0,8.36493E+05
2188,0,0,0,1.95083E+07
2189,0,0,0,2.13285E+05
2190,0,0,0,2.01493E+07
2192,0,0,0,8.63429E+06
2193,0,0,0,4.68191E+09
2194,0,0,0,4.79538E+07
2195,0,0,0,1.86503E+06
2196,0,0,0,3.93387E+05
2197,0,0,0,1.74718E+05
2199,0,0,0,7.86417E+05
2201,0,0,0,4.44252E+04
2202,0,0,0,1.37320E+08
2203,0,0,0,4.03523E+07
2205,0,0,0,3.25299E+07
2208,0,0,0,5.25650E+06
2210,0,0,0,1.73382E+05
2211,0,0,0,3.59533E+06
2212,0,0,0,5.84101E+06
2214,0,0,0,5.48476E+04
2215,0,0,0,3.94842E+05
2216,0,0,0,9.36970E+07
2217,0,0,0,6.68294E+07
2218,0,0,0,5.71794E+06
2219,0,0,0,2.62071E+05
2220,0,0,0,1.33461E+07
2221,0,0,0,2.64768E+06
2222,0,0,0,3.41007E+07
2223,0,0,0,2.82735E+07
2224,0,0,0,5.38608E+04
2225,0,0,0,3.32431E+05
2227,0,0,0,1.60685E+06
2228,0,0,0,1.54123E+06
2229,0,0,0,1.00212E+05
2230,0,0,0,1.01035E+05
2231,0,0,0,3.92768E+07
2232,0,0,0,1.50439E+07
2233,0,0,0,2.34187E+07
2234,0,0,0,3.60609E+06
2235,0,0,0,2.46354E+05
2236,0,0,0,6.83890E+06
2237,0,0,0,3.86732E+07
2238,0,0,0,8.94745E+05
2239,0,0,0,9.08850E+06
2240,0,0,0,9.99531E+07
2242,0,0,0,1.27065E+05
2243,0,0,0,1.46208E+08
2250,0,0,0,1.57392E+06
2251,0,0,0,3.94284E+06
2254,0,0,0,2.03780E+05
2257,0,0,0,3.74299E+06
2258,0,0,0,3.24399E+05
2259,0,0,0,8.58169E+05
2263,0,0,0,2.43892E+07
2264,0,0,0,6.40495E+05
2265,0,0,0,1.57100E+06
2267,0,0,0,5.61779E+05
2268,0,0,0,2.08479E+06
2271,0,0,0,1.97993E+06
2272,0,0,0,6.12162E+09
2274,0,0,0,3.31450E+06
2275,0,0,0,1.11885E+06
2277,0,0,0,1.47189E+08
2278,0,0,0,1.18654E+06
2281,0,0,0,2.89785E+06
2282,0,0,0,1.90228E+07
2283,0,0,0,2.94023E+06
2284,0,0,0,3.59637E+06
2285,0,0,0,4.93201E+06
2286,0,0,0,6.09804E+04
2287,0,0,0,1.89189E+07
2288,0,0,0,1.13626E+06
2289,0,0,0,1.63167E+06
2291,0,0,0,8.22251E+06
2293,0,0,0,2.71938E+06
2294,0,0,0,2.01986E+06
2296,0,0,0,2.17145E+06
2297,0,0,0,2.05690E+07
2298,0,0,0,3.48426E+05
2299,0,0,0,1.68334E+06
2301,0,0,0,2.31295E+06
2302,0,0,0,1.94802E+07
2304,0,0,0,2.39120E+06
2305,0,0,0,5.27640E+06
2306,0,0,0,1.08918E+07
2307,0,0,0,4.48867E+05
2309,0,0,0,4.34330E+05
2312,0,0,0,2.52007E+05
2313,0,0,0,4.31847E+06
2315,0,0,0,4.18457E+06
2317,0,0,0,2.29295E+06
2318,0,0,0,8.44869E+05
2320,0,0,0,6.90164E+04
2321,0,0,0,2.11919E+07
2322,0,0,0,7.45343E+04
2323,0,0,0,4.84001E+07
2324,0,0,0,6.98012E+06
2327,0,0,0,3.64315E+05
2330,0,0,0,2.56366E+06
2331,0,0,0,8.21917E+06
2332,0,0,0,6.50274E+05
2333,0,0,0,2.10477E+06
2334,0,0,0,3.15686E+07
2335,0,0,0,7.52099E+04
2336,0,0,0,7.20027E+06
2337,0,0,0,5.84801E+03
2339,0,0,0,1.04878E+04
2340,0,0,0,1.55411E+04
2341,0,0,0,5.03772E+04
2343,0,0,0,3.04410E+05
2344,0,0,0,1.12528E+05
2345,0,0,0,1.18394E+04
2346,0,0,0,2.75088E+04
2348,0,0,0,2.23427E+04
2349,0,0,0,2.03249E+06
2351,0,0,0,1.31624E+04
2353,0,0,0,1.03702E+06
2354,0,0,0,9.72463E+04
2355,0,0,0,2.00596E+04
2356,0,0,0,3.75447E+05
2357,0,0,0,1.74088E+05
