USPS,GEOID,ALAND,AWATER,ALAND_SQMI,AWATER_SQMI,INTPTLAT,INTPTLONG
WA,53057940200,3252714,1958597,1.256,0.756,48.4914593,-122.6764336
WA,53057940300,48978493,6445362,18.911,2.489,48.4541014,-122.6039283
WA,53057940400,11758010,2893741,4.54,1.117,48.4925951,-122.6505784
WA,53057940500,1429493,0,0.552,0,48.4954058,-122.6166087
WA,53057940600,2600685,6322871,1.004,2.441,48.4990914,-122.6038281
WA,53057940700,1449913,309443,0.56,0.119,48.5139077,-122.6243039
WA,53057940800,30854608,5314608,11.913,2.052,48.4154021,-122.5363955
WA,53057950100,59047565,6089092,22.798,2.351,48.5393004,-122.6359788
WA,53057950800,190358722,4982875,73.498,1.924,48.5766605,-122.3897018
WA,53057950900,161829014,1483190,62.483,0.573,48.5964247,-122.1712922
WA,53057951000,368177924,6114121,142.154,2.361,48.5742015,-121.9747479
WA,53057951100,2338804867,26160482,903.018,10.101,48.499449,-121.329368
WA,53057951200,758886971,6393987,293.008,2.469,48.3838788,-121.9535401
WA,53057951300,61386470,3761686,23.701,1.452,48.4587893,-122.1993304
WA,53057951400,9837572,480607,3.798,0.186,48.4943421,-122.2411983
WA,53057951500,23175876,14953,8.948,0.006,48.5208123,-122.2464752
WA,53057951600,33611544,506151,12.977,0.195,48.5108524,-122.3163599
WA,53057951700,3151593,232845,1.217,0.09,48.467183,-122.3221375
WA,53057951800,10220612,322748,3.946,0.125,48.4662776,-122.3422279
WA,53057951900,58419612,3404663,22.556,1.315,48.470285,-122.4291068
WA,53057952100,84892839,3459340,32.777,1.336,48.4045311,-122.4384327
WA,53057952200,7064546,613470,2.728,0.237,48.43986,-122.3421913
WA,53057952301,2585305,0,0.998,0,48.4355457,-122.3025868
WA,53057952302,13698403,1012205,5.289,0.391,48.448413,-122.2834395
WA,53057952401,1812826,0,0.7,0,48.413217,-122.3266506
WA,53057952402,11750943,0,4.537,0,48.4070911,-122.2832995
WA,53057952500,1809496,187501,0.699,0.072,48.4170171,-122.3390553
WA,53057952600,16953690,1107502,6.546,0.428,48.4045055,-122.3413895
WA,53057952700,163239123,4506097,63.027,1.74,48.3413721,-122.3039518
WA,53057990100,0,389981312,0,150.573,48.5584748,-122.6679393
WA,53053061001,2870699,1716730,1.108,0.663,47.253948,-122.5485229
WA,53053061002,3010248,8198,1.162,0.003,47.2462062,-122.5223595
WA,53053061100,4353844,41555,1.681,0.016,47.2455764,-122.4936719
WA,53053061200,1890514,0,0.73,0,47.2490842,-122.4745331
WA,53053061300,1574642,0,0.608,0,47.2500153,-122.4589966
WA,53053061400,926850,0,0.358,0,47.2502435,-122.4483264
WA,53053061500,1171497,0,0.452,0,47.2621959,-122.4494502
WA,53053061601,761485,0,0.294,0,47.2542281,-122.4402346
WA,53053061602,1057275,0,0.408,0,47.2401479,-122.4377427
WA,53053061700,2640029,5766,1.019,0.002,47.237848,-122.4584513
WA,53053061800,1383818,0,0.534,0,47.2267871,-122.4518338
WA,53053061900,1039865,0,0.401,0,47.2276734,-122.4341708
WA,53061040100,4798188,4113637,1.853,1.588,48.00415,-122.2197294
WA,53061040200,2565819,433768,0.991,0.167,48.0027689,-122.1870338
WA,53061040300,1049264,0,0.405,0,47.9941342,-122.2000385
WA,53061040400,1703150,725332,0.658,0.28,47.9855126,-122.2166169
WA,53061040500,1802593,205596,0.696,0.079,47.9849396,-122.1815113
WA,53061040700,2806752,98891,1.084,0.038,47.9731875,-122.1971281
WA,53061040800,1439692,1525964,0.556,0.589,47.9780755,-122.2204
WA,53061040900,3310569,1063926,1.278,0.411,47.9601341,-122.23608
WA,53061041000,3072037,0,1.186,0,47.960184,-122.2135269
WA,53061041100,2719583,6510,1.05,0.003,47.9446678,-122.2205239
WA,53061041201,1485818,0,0.574,0,47.9447703,-122.235622
WA,53061041202,2650628,44326,1.023,0.017,47.9282413,-122.2252643
WA,53061041301,4718357,1559795,1.822,0.602,47.9331011,-122.3015587
WA,53061041303,3800669,0,1.467,0,47.940822,-122.2465469
WA,53061041304,10193865,1077369,3.936,0.416,47.9448887,-122.2664436
WA,53061041400,3323591,0,1.283,0,47.9417409,-122.2038365
WA,53061041500,5425482,239568,2.095,0.092,47.9358943,-122.1869829
WA,53061041601,4672495,0,1.804,0,47.9162062,-122.1932792
WA,53061041605,2462209,9609,0.951,0.004,47.9010872,-122.1958154
WA,53061041606,2525927,45367,0.975,0.018,47.8857346,-122.1969528
WA,53061041607,2915655,0,1.126,0,47.8983789,-122.1734933
WA,53061041608,3769233,0,1.455,0,47.8860202,-122.1686508
WA,53061041701,2963219,401753,1.144,0.155,47.8899399,-122.2149774
WA,53061041703,3698002,236620,1.428,0.091,47.8599737,-122.2400339
WA,53061041704,4037892,0,1.559,0,47.8673814,-122.225181
WA,53061041805,3323438,0,1.283,0,47.9140187,-122.2227026
WA,53061041806,2844372,0,1.098,0,47.9016434,-122.2302099
WA,53061041808,1690139,0,0.653,0,47.8907825,-122.2308971
WA,53061041809,1079258,0,0.417,0,47.8917497,-122.2455166
WA,53061041810,893332,0,0.345,0,47.8860716,-122.2490656
WA,53061041811,3281569,98005,1.267,0.038,47.870649,-122.251008
WA,53061041812,1869425,0,0.722,0,47.8750641,-122.2668834
WA,53061041901,8847184,0,3.416,0,47.901657,-122.2789279
WA,53061041903,3410938,0,1.317,0,47.9153115,-122.2579258
WA,53061041904,1429898,0,0.552,0,47.916772,-122.2388771
WA,53061041905,2227002,0,0.86,0,47.9014135,-122.2571911
WA,53061042001,4916665,1032627,1.898,0.399,47.9114849,-122.3146889
WA,53061042003,2759151,576283,1.065,0.223,47.867766,-122.3238457
WA,53061042004,2382614,153461,0.92,0.059,47.867725,-122.281908
WA,53061042005,6406549,789066,2.474,0.305,47.883155,-122.314033
WA,53061042006,2671334,0,1.031,0,47.8941034,-122.2989299
WA,53061050101,2562203,200462,0.989,0.077,47.8604059,-122.3236643
WA,53061050102,1805957,0,0.697,0,47.8581251,-122.295589
WA,53061050200,4533341,1271104,1.75,0.491,47.844678,-122.3375808
WA,53061050300,3727448,880998,1.439,0.34,47.8281986,-122.3577383
WA,53061050401,3333906,0,1.287,0,47.8147459,-122.3495558
WA,53061050402,2845354,0,1.099,0,47.8043944,-122.3499284
WA,53061050500,3398342,620460,1.312,0.24,47.8066452,-122.3782361
WA,53061050600,3194806,1012328,1.234,0.391,47.7881057,-122.3881006
WA,53061050700,3094952,0,1.195,0,47.784649,-122.3651045
WA,53061050800,3193201,2376,1.233,0.001,47.793236,-122.3490897
WA,53061050900,1495330,131551,0.577,0.051,47.7859889,-122.337135
WA,53061051000,3342840,275673,1.291,0.106,47.7926729,-122.3232196
WA,53061051100,2057573,0,0.794,0,47.7839904,-122.3071252
WA,53061051200,2100184,0,0.811,0,47.7978124,-122.3058174
WA,53061051300,2935606,0,1.133,0,47.7923832,-122.2913003
WA,53061051400,4002334,34278,1.545,0.013,47.8129269,-122.3065992
WA,53061051500,3285566,0,1.269,0,47.8207658,-122.3264368
WA,53061051601,2446727,0,0.945,0,47.8448125,-122.3092787
WA,53061051602,2051437,0,0.792,0,47.834005,-122.3155946
WA,53061051701,2491487,0,0.962,0,47.8299717,-122.2999364
WA,53061051702,2167086,0,0.837,0,47.8312065,-122.2863838
WA,53061051802,5005395,0,1.933,0,47.839613,-122.2735752
WA,53061051803,1597958,0,0.617,0,47.8562368,-122.2815196
WA,53061051804,2355488,0,0.909,0,47.8572221,-122.2638368
WA,53061051905,5282313,0,2.04,0,47.8160561,-122.2709171
WA,53061051912,13271235,187053,5.124,0.072,47.7848794,-122.1062774
WA,53061051913,3961001,0,1.529,0,47.7999629,-122.268274
WA,53061051914,3439800,0,1.328,0,47.7843454,-122.2727035
WA,53061051915,4144039,0,1.6,0,47.8060371,-122.2466565
WA,53061051916,2788068,0,1.076,0,47.7997544,-122.2291906
WA,53061051917,2932940,0,1.132,0,47.7840394,-122.245169
WA,53061051918,4477555,0,1.729,0,47.7834467,-122.2143909
WA,53061051921,2453189,0,0.947,0,47.8208453,-122.2204838
WA,53061051922,3810087,0,1.471,0,47.8110567,-122.2248515
WA,53061051923,3719000,0,1.436,0,47.8327478,-122.2090256
WA,53061051924,2656038,0,1.026,0,47.818915,-122.1962239
WA,53061051925,8016286,0,3.095,0,47.7949724,-122.1910587
WA,53061051926,8484854,0,3.276,0,47.7937224,-122.1619673
WA,53061051927,4609766,0,1.78,0,47.8354398,-122.2381818
WA,53061051928,2302032,0,0.889,0,47.8434058,-122.2480891
WA,53061052003,5854764,27393,2.261,0.011,47.8522285,-122.1797468
WA,53061052004,3315369,10540,1.28,0.004,47.868695,-122.2071675
WA,53061052005,3588277,0,1.385,0,47.8578829,-122.2038669
WA,53061052006,1933189,0,0.746,0,47.8494717,-122.1963272
WA,53061052007,2194442,0,0.847,0,47.8395035,-122.1993428
WA,53061052104,43475163,6779162,16.786,2.617,47.98669,-122.1669598
WA,53061052105,51596793,3007421,19.922,1.161,47.8770787,-122.096128
WA,53061052107,12464830,0,4.813,0,47.8242011,-122.1557842
WA,53061052108,23399762,0,9.035,0,47.8312189,-122.1027589
WA,53061052112,14720116,0,5.683,0,47.8015535,-122.0715982
WA,53061052113,22147655,198776,8.551,0.077,47.7926846,-122.0212172
WA,53061052114,6511459,0,2.514,0,47.8506574,-122.154929
WA,53061052115,3056294,0,1.18,0,47.8698347,-122.1561801
WA,53061052118,11235889,0,4.338,0,47.8662947,-122.1319588
WA,53061052203,16233713,0,6.268,0,47.8782186,-121.9800353
WA,53061052204,9795030,0,3.782,0,47.8667668,-122.0183865
WA,53061052206,51545059,656136,19.902,0.253,47.927243,-121.938058
WA,53061052207,66955202,280666,25.852,0.108,47.9021504,-121.8778153
WA,53061052208,2078470,0,0.803,0,47.8564399,-121.9845322
WA,53061052209,8488220,156304,3.277,0.06,47.8308302,-122.0133223
WA,53061052301,39269983,731026,15.162,0.282,47.9615588,-122.0179744
WA,53061052302,34210957,0,13.209,0,47.9119988,-122.0322076
WA,53061052401,3869483,279362,1.494,0.108,47.9255961,-122.0955436
WA,53061052402,2427216,42351,0.937,0.016,47.9150606,-122.0895205
WA,53061052502,14112864,316594,5.449,0.122,47.9347064,-122.1187816
WA,53061052503,4996955,0,1.929,0,47.986498,-122.1160237
WA,53061052504,7882353,0,3.043,0,47.9658346,-122.1113082
WA,53061052603,7544164,677178,2.913,0.261,48.031816,-122.0850872
WA,53061052604,3645650,2162657,1.408,0.835,47.9987277,-122.0936955
WA,53061052605,4726711,196404,1.825,0.076,48.0191053,-122.0667747
WA,53061052606,13059393,1094523,5.042,0.423,48.0040674,-122.0488495
WA,53061052607,10156199,0,3.921,0,47.9688262,-122.0745008
WA,53061052701,20451247,0,7.896,0,48.1245256,-122.1185986
WA,53061052705,15538879,550521,6,0.213,48.0523429,-122.1025251
WA,53061052706,4984608,0,1.925,0,48.0086872,-122.1211573
WA,53061052707,5286793,0,2.041,0,48.0261678,-122.1149932
WA,53061052708,3161373,0,1.221,0,48.0626285,-122.1301068
WA,53061052709,20141504,0,7.777,0,48.0899357,-122.0985926
WA,53061052803,14086688,0,5.439,0,48.1335506,-122.1637635
WA,53061052804,6931486,0,2.676,0,48.10459,-122.1599631
WA,53061052805,4252728,0,1.642,0,48.0861093,-122.1740004
WA,53061052806,3167841,0,1.223,0,48.0834178,-122.1511314
WA,53061052903,2951870,383296,1.14,0.148,48.0531551,-122.1722506
WA,53061052904,3509245,45023,1.355,0.017,48.0510765,-122.149677
WA,53061052905,2046974,0,0.79,0,48.0675269,-122.173214
WA,53061052906,2418973,0,0.934,0,48.069198,-122.1536756
WA,53061053101,27408323,0,10.582,0,48.1730236,-122.2333219
WA,53061053102,24462312,748803,9.445,0.289,48.1393066,-122.2368928
WA,53061053201,46701566,6351252,18.032,2.452,48.1952183,-122.3171137
WA,53061053202,22207590,4437425,8.574,1.713,48.1425085,-122.3422759
WA,53061053301,24666851,3367417,9.524,1.3,48.2560314,-122.3660164
WA,53061053302,89008238,486479,34.366,0.188,48.2589939,-122.2781367
WA,53061053400,129785716,349052,50.111,0.135,48.2773381,-122.146733
WA,53061053504,11960365,13346,4.618,0.005,48.1809993,-122.1077031
WA,53061053505,49999075,327351,19.305,0.126,48.1097631,-122.0402996
WA,53061053506,257826551,1653022,99.547,0.638,48.2011528,-121.9823827
WA,53061053507,4770171,0,1.842,0,48.1643568,-122.1298558
WA,53061053508,14993012,0,5.789,0,48.1874429,-122.1660893
WA,53061053509,8433367,0,3.256,0,48.1633404,-122.1616238
WA,53061053602,533603290,7819282,206.025,3.019,48.0123109,-121.6782609
WA,53061053603,41041522,427034,15.846,0.165,48.0468122,-122.0181379
WA,53061053604,16014935,70859,6.183,0.027,48.080509,-122.0070461
WA,53061053700,1686835215,7182938,651.291,2.773,48.2371094,-121.4416703
WA,53061053801,1136025315,5355001,438.622,2.068,47.8728737,-121.4464055
WA,53061053802,22507195,14961,8.69,0.006,47.8667826,-121.8246435
WA,53061053803,271325239,5188446,104.759,2.003,47.8955608,-121.6492101
WA,53061940001,50880911,7732480,19.645,2.986,48.0752244,-122.2219406
WA,53061940002,39006158,4834820,15.06,1.867,48.0961405,-122.3026053
WA,53061990002,0,176532556,0,68.16,48.0002035,-122.3353905
WA,53061990100,0,13228343,0,5.107,48.2831458,-122.4110634
WA,53053060200,15719850,9192046,6.069,3.549,47.2668489,-122.4078355
WA,53053060300,5522100,9878402,2.132,3.814,47.306805,-122.5268439
WA,53053060400,2537792,3976447,0.98,1.535,47.2852555,-122.4851483
WA,53053060500,2116832,668446,0.817,0.258,47.275214,-122.4746683
WA,53053060600,2130220,4742856,0.822,1.831,47.2733562,-122.4580971
WA,53053060700,2105869,0,0.813,0,47.261373,-122.4785267
WA,53053060800,2583067,0,0.997,0,47.265596,-122.4963465
WA,53053060903,2313030,1442717,0.893,0.557,47.2860173,-122.5263961
WA,53053060904,1948487,0,0.752,0,47.2808047,-122.5099314
WA,53053060905,3040430,982195,1.174,0.379,47.2665694,-122.5335814
WA,53053060906,1577617,0,0.609,0,47.2632968,-122.5098129
WA,53053061001,2870699,1716730,1.108,0.663,47.253948,-122.5485229
WA,53053061002,3010248,8198,1.162,0.003,47.2462062,-122.5223595
WA,53053061100,4353844,41555,1.681,0.016,47.2455764,-122.4936719
WA,53053061200,1890514,0,0.73,0,47.2490842,-122.4745331
WA,53053061300,1574642,0,0.608,0,47.2500153,-122.4589966
WA,53053061400,926850,0,0.358,0,47.2502435,-122.4483264
WA,53053061500,1171497,0,0.452,0,47.2621959,-122.4494502
WA,53053061601,761485,0,0.294,0,47.2542281,-122.4402346
WA,53053061602,1057275,0,0.408,0,47.2401479,-122.4377427
WA,53053061700,2640029,5766,1.019,0.002,47.237848,-122.4584513
WA,53053061800,1383818,0,0.534,0,47.2267871,-122.4518338
WA,53053061900,1039865,0,0.401,0,47.2276734,-122.4341708
WA,53053062000,2065338,33947,0.797,0.013,47.2293124,-122.4184094
WA,53053062300,2455992,0,0.948,0,47.2142233,-122.4167847
WA,53053062400,2266569,0,0.875,0,47.2145262,-122.4337774
WA,53053062500,2900393,0,1.12,0,47.2149287,-122.4522054
WA,53053062600,6947156,6314,2.682,0.002,47.2203846,-122.4773836
WA,53053062801,3773170,12847,1.457,0.005,47.2222063,-122.4973477
WA,53053062802,3001158,0,1.159,0,47.1940103,-122.496448
WA,53053062900,2981954,0,1.151,0,47.2003278,-122.4786272
WA,53053063000,2204911,0,0.851,0,47.1971869,-122.4677762
WA,53053063100,2341221,106487,0.904,0.041,47.1974147,-122.45178
WA,53053063200,2361068,0,0.912,0,47.1989933,-122.4321664
WA,53053063300,3373099,0,1.302,0,47.1990218,-122.4086992
WA,53053063400,3860355,0,1.49,0,47.1809619,-122.4314571
WA,53053063501,1915152,6994,0.739,0.003,47.186447,-122.4512342
WA,53053063502,1927509,9524,0.744,0.004,47.175075,-122.4516642
WA,53053070100,1896145579,14175990,732.106,5.473,46.9558334,-121.816555
WA,53053070203,35618996,433041,13.753,0.167,47.1287572,-122.1842702
WA,53053070204,5175166,62266,1.998,0.024,47.1424677,-122.1276898
WA,53053070205,19200296,48014,7.413,0.019,47.1593963,-122.0886541
WA,53053070206,38985408,419139,15.052,0.162,47.1095713,-122.0921198
WA,53053070207,32748147,794131,12.644,0.307,47.1508943,-122.0115296
WA,53053070307,27800567,695798,10.734,0.269,47.2120409,-122.1281966
WA,53053070308,3218744,70628,1.243,0.027,47.1825339,-122.1769452
WA,53053070309,11566878,21534,4.466,0.008,47.185835,-122.1480816
WA,53053070310,5623193,44073,2.171,0.017,47.1607452,-122.1649269
WA,53053070311,4985148,1573,1.925,0.001,47.1573307,-122.1379143
WA,53053070312,8306712,15974,3.207,0.006,47.166539,-122.2056765
WA,53053070313,13820613,158785,5.336,0.061,47.2078839,-122.193698
WA,53053070314,4101382,1672505,1.584,0.646,47.2247289,-122.1859129
WA,53053070315,9755668,74461,3.767,0.029,47.239506,-122.166015
WA,53053070316,3468369,2673,1.339,0.001,47.2464552,-122.215589
WA,53053070401,9393185,345146,3.627,0.133,47.1679233,-122.2248326
WA,53053070403,13959396,262086,5.39,0.101,47.0801503,-122.2071286
WA,53053070404,5031959,204498,1.943,0.079,47.1116228,-122.2200468
WA,53053070703,5722528,103929,2.209,0.04,47.2489124,-122.3177058
WA,53053071100,6512501,2443,2.514,0.001,47.1754126,-122.3686447
WA,53053071205,7824423,1769,3.021,0.001,47.1871648,-122.3417554
WA,53053071206,7884512,6124,3.044,0.002,47.1661273,-122.323965
WA,53053071207,4852554,38129,1.874,0.015,47.1609895,-122.2813654
WA,53053071208,3685685,4004,1.423,0.002,47.1444308,-122.2782321
WA,53053071209,2324686,0,0.898,0,47.1635255,-122.264972
WA,53053071210,8632041,50462,3.333,0.019,47.1707139,-122.24239
WA,53053071304,5346451,27397,2.064,0.011,47.1330146,-122.3093647
WA,53053071305,9953802,9826,3.843,0.004,47.1506822,-122.386232
WA,53053071306,12236868,0,4.725,0,47.1240725,-122.3793226
WA,53053071307,5202526,15994,2.009,0.006,47.1493363,-122.3334484
WA,53053071309,4133642,0,1.596,0,47.1150434,-122.3403114
WA,53053071310,6498029,4136,2.509,0.002,47.1314507,-122.3461628
WA,53053071403,5125813,969981,1.979,0.375,47.1086836,-122.4515591
WA,53053071406,16419736,45075,6.34,0.017,47.0733893,-122.3822004
WA,53053071407,8440952,0,3.259,0,47.0618192,-122.3511337
WA,53053071408,2923853,0,1.129,0,47.1098273,-122.4204449
WA,53053071409,2125874,0,0.821,0,47.1007056,-122.4174613
WA,53053071410,5863768,0,2.264,0,47.0857643,-122.4199422
WA,53053071411,3379475,0,1.305,0,47.0718234,-122.4088549
WA,53053071503,5629954,74482,2.174,0.029,47.1333392,-122.4519069
WA,53053071504,2651531,0,1.024,0,47.145689,-122.4452788
WA,53053071505,4496258,0,1.736,0,47.1323773,-122.4235678
WA,53053071506,3932087,0,1.518,0,47.1216337,-122.4054248
WA,53053071601,4032412,0,1.557,0,47.1797628,-122.4100405
WA,53053071602,4693478,0,1.812,0,47.1599423,-122.4182984
WA,53053071703,870866,50966,0.336,0.02,47.1709835,-122.463994
WA,53053071704,1352620,0,0.522,0,47.1638216,-122.4667714
WA,53053071705,2389705,0,0.923,0,47.1641662,-122.4433982
WA,53053071706,1622806,0,0.627,0,47.1564999,-122.4672848
WA,53053071707,1269313,0,0.49,0,47.1547535,-122.4423065
WA,53053071803,4601876,0,1.777,0,47.1847255,-122.5078626
WA,53053071805,1349188,0,0.521,0,47.1599265,-122.5002916
WA,53053071806,1706398,0,0.659,0,47.1443886,-122.5053556
WA,53053071807,4143029,98497,1.6,0.038,47.1695266,-122.495482
WA,53053071808,1955311,118426,0.755,0.046,47.1783805,-122.4746903
WA,53053071901,4157485,17400,1.605,0.007,47.1580824,-122.5177253
WA,53053071902,6314495,2751449,2.438,1.062,47.1530137,-122.5374064
WA,53053072000,2686177,473449,1.037,0.183,47.1229256,-122.5401796
WA,53053072105,4670507,15487,1.803,0.006,47.1871468,-122.553261
WA,53053072106,3402636,0,1.314,0,47.186136,-122.533961
WA,53053072107,4886681,160237,1.887,0.062,47.1707661,-122.5576655
WA,53053072108,3239185,949007,1.251,0.366,47.1454232,-122.5576115
WA,53053072109,4068578,10524354,1.571,4.063,47.1655467,-122.6131385
WA,53053072111,1947576,0,0.752,0,47.1661656,-122.590846
WA,53053072112,2407947,0,0.93,0,47.1605593,-122.5773633
WA,53053072305,4066558,0,1.57,0,47.2311155,-122.5158342
WA,53053072307,1953747,0,0.754,0,47.2165495,-122.5529414
WA,53053072308,7758469,9209648,2.996,3.556,47.2057027,-122.5747949
WA,53053072309,3382204,2143024,1.306,0.827,47.23141,-122.564052
WA,53053072310,2098981,0,0.81,0,47.2295839,-122.5435661
WA,53053072311,2443700,6948,0.944,0.003,47.231509,-122.5321758
WA,53053072312,2470373,0,0.954,0,47.2042886,-122.5203211
WA,53053072313,2558623,0,0.988,0,47.2136116,-122.5174316
WA,53053072405,12241502,14959827,4.726,5.776,47.2956531,-122.6750802
WA,53053072406,16778309,13279,6.478,0.005,47.3077678,-122.6229438
WA,53053072407,5520661,4000033,2.132,1.544,47.2984272,-122.5635095
WA,53053072408,15306277,5137067,5.91,1.983,47.2877721,-122.5899161
WA,53053072409,5871769,2575243,2.267,0.994,47.2832879,-122.6150485
WA,53053072410,13514703,24930840,5.218,9.626,47.2576863,-122.6465524
WA,53053072503,16417186,6109883,6.339,2.359,47.3846855,-122.6607818
WA,53053072504,15040152,7593124,5.807,2.932,47.3409027,-122.63304
WA,53053072505,21680408,3475,8.371,0.001,47.3769849,-122.5993723
WA,53053072506,15317116,12160534,5.914,4.695,47.3689165,-122.5482413
WA,53053072507,4228809,1501891,1.633,0.58,47.3287892,-122.5856632
WA,53053072601,44218459,2429781,17.073,0.938,47.3762038,-122.7506193
WA,53053072602,43250541,38607070,16.699,14.906,47.3084173,-122.7610668
WA,53053072603,90877305,108290399,35.088,41.811,47.2097395,-122.6844223
WA,53053072800,17822349,5762840,6.881,2.225,47.1039087,-122.6651308
WA,53053072901,18236444,3086,7.041,0.001,47.1298545,-122.4905632
WA,53053072903,26690479,3106104,10.305,1.199,47.1293195,-122.6014267
WA,53053072905,5809018,0,2.243,0,47.0909312,-122.6066899
WA,53053072906,227912865,2573416,87.998,0.994,47.0238478,-122.5666818
WA,53053072907,16190481,0,6.251,0,47.1060657,-122.5398907
WA,53053073001,64400238,947152,24.865,0.366,46.9698738,-122.4998747
WA,53053073005,53829359,74036,20.784,0.029,46.9733128,-122.3874177
WA,53053073006,119198277,2553032,46.023,0.986,46.8987783,-122.4184454
WA,53053073108,9902122,0,3.823,0,47.0940827,-122.3370511
WA,53053073110,5662560,138804,2.186,0.054,47.1336468,-122.2531477
WA,53053073111,3722814,9776,1.437,0.004,47.1222681,-122.2774266
WA,53053073113,18494403,6944,7.141,0.003,47.0719425,-122.2649319
WA,53053073114,6903398,17931,2.665,0.007,47.038046,-122.3764485
WA,53053073115,6850710,3197,2.645,0.001,47.0394147,-122.3483495
WA,53053073116,16086230,51388,6.211,0.02,47.0222499,-122.3221289
WA,53053073117,49431889,230779,19.086,0.089,46.9682193,-122.3282624
WA,53053073118,30926845,222957,11.941,0.086,47.0450319,-122.2371097
WA,53053073119,95934999,3855896,37.041,1.489,46.9720036,-122.2137899
WA,53053073120,3303456,13060,1.275,0.005,47.1162168,-122.300881
WA,53053073121,2848713,0,1.1,0,47.1034997,-122.3054274
WA,53053073122,5032201,0,1.943,0,47.1057867,-122.2741688
WA,53053073123,9568236,97539,3.694,0.038,47.0903198,-122.2431361
WA,53053073124,3917608,0,1.513,0,47.0645059,-122.304125
WA,53053073125,6257552,0,2.416,0,47.0793129,-122.316583
WA,53053073126,1403617,0,0.542,0,47.0907184,-122.3014937
WA,53053073200,547708598,11835806,211.471,4.57,46.8396447,-122.1317883
WA,53053073301,14546777,269371,5.617,0.104,47.2269212,-122.2362719
WA,53053073302,2969882,104975,1.147,0.041,47.1972462,-122.2371882
WA,53053073404,6370808,32560,2.46,0.013,47.1826415,-122.3069138
WA,53053073405,2970132,1797,1.147,0.001,47.1762377,-122.2765184
WA,53053073406,4358683,65649,1.683,0.025,47.1839926,-122.2645159
WA,53053073407,2342645,71859,0.905,0.028,47.1983845,-122.2976951
WA,53053073408,2743923,19949,1.059,0.008,47.1994555,-122.3202118
WA,53053073500,16362925,21131,6.318,0.008,47.2320641,-122.273831
WA,53053940001,3037117,13359504,1.173,5.158,47.3053995,-122.4435979
WA,53053940002,13346881,189129,5.153,0.073,47.2490363,-122.3642571
WA,53053940003,4084975,127493,1.577,0.049,47.2287315,-122.3450761
WA,53053940004,17917556,110071,6.918,0.042,47.2050042,-122.3726612
WA,53053940005,4264569,0,1.647,0,47.2791967,-122.3721606
WA,53053940006,1825312,0,0.705,0,47.2153941,-122.4012241
WA,53053940007,2496064,19583,0.964,0.008,47.232117,-122.4011947
WA,53053940008,3054043,0,1.179,0,47.2939997,-122.39546
WA,53053940009,7928197,0,3.061,0,47.2296921,-122.3127834
WA,53053940010,8855101,277255,3.419,0.107,47.2059953,-122.3015523
WA,53053940011,3748598,0,1.447,0,47.301133,-122.4160048
WA,53045940000,21255690,570434,8.207,0.22,47.3333185,-123.1575681
WA,53045960100,923633971,18549959,356.617,7.162,47.4613839,-123.3128167
WA,53045960200,588537111,47023619,227.235,18.156,47.280939,-123.2804675
WA,53045960300,228293628,44756629,88.145,17.281,47.4443345,-122.9860811
WA,53045960400,119819650,22351159,46.263,8.63,47.393598,-122.8491775
WA,53045960500,124909910,19020345,48.228,7.344,47.3193056,-123.0688304
WA,53045960600,50205027,702399,19.384,0.271,47.2402194,-123.1521196
WA,53045960700,1936147,0,0.748,0,47.2244603,-123.1194547
WA,53045960800,13562638,1567042,5.237,0.605,47.2335745,-123.090368
WA,53045960900,5661754,0,2.186,0,47.2015548,-123.108283
WA,53045961000,58621381,10633093,22.634,4.105,47.1895037,-123.0152277
WA,53045961100,105840446,56356207,40.865,21.759,47.2306537,-122.9651489
WA,53045961200,65367587,8148514,25.239,3.146,47.2986031,-122.9635943
WA,53045961300,177162056,7702366,68.403,2.974,47.118232,-123.1667533
WA,53053073001,64400238,947152,24.865,0.366,46.9698738,-122.4998747
WA,53053073005,53829359,74036,20.784,0.029,46.9733128,-122.3874177
WA,53053073006,119198277,2553032,46.023,0.986,46.8987783,-122.4184454
WA,53053073108,9902122,0,3.823,0,47.0940827,-122.3370511
WA,53053073110,5662560,138804,2.186,0.054,47.1336468,-122.2531477
WA,53053073111,3722814,9776,1.437,0.004,47.1222681,-122.2774266
WA,53053073113,18494403,6944,7.141,0.003,47.0719425,-122.2649319
WA,53053073114,6903398,17931,2.665,0.007,47.038046,-122.3764485
WA,53053073115,6850710,3197,2.645,0.001,47.0394147,-122.3483495
WA,53053073116,16086230,51388,6.211,0.02,47.0222499,-122.3221289
WA,53053073117,49431889,230779,19.086,0.089,46.9682193,-122.3282624
WA,53053073118,30926845,222957,11.941,0.086,47.0450319,-122.2371097
WA,53053073119,95934999,3855896,37.041,1.489,46.9720036,-122.2137899
WA,53053073120,3303456,13060,1.275,0.005,47.1162168,-122.300881
WA,53053073121,2848713,0,1.1,0,47.1034997,-122.3054274
WA,53053073122,5032201,0,1.943,0,47.1057867,-122.2741688
WA,53053073123,9568236,97539,3.694,0.038,47.0903198,-122.2431361
WA,53053073124,3917608,0,1.513,0,47.0645059,-122.304125
WA,53053073125,6257552,0,2.416,0,47.0793129,-122.316583
WA,53053073126,1403617,0,0.542,0,47.0907184,-122.3014937
WA,53053073200,547708598,11835806,211.471,4.57,46.8396447,-122.1317883
WA,53053073301,14546777,269371,5.617,0.104,47.2269212,-122.2362719
WA,53053073302,2969882,104975,1.147,0.041,47.1972462,-122.2371882
WA,53053073404,6370808,32560,2.46,0.013,47.1826415,-122.3069138
WA,53053073405,2970132,1797,1.147,0.001,47.1762377,-122.2765184
WA,53053073406,4358683,65649,1.683,0.025,47.1839926,-122.2645159
WA,53053073407,2342645,71859,0.905,0.028,47.1983845,-122.2976951
WA,53053073408,2743923,19949,1.059,0.008,47.1994555,-122.3202118
WA,53053073500,16362925,21131,6.318,0.008,47.2320641,-122.273831
WA,53073000100,86768366,362482,33.501,0.14,48.790459,-122.3711069
WA,53073000200,42893190,3848064,16.561,1.486,48.8030157,-122.5399579
WA,53073000300,6430783,1307599,2.483,0.505,48.7752634,-122.5116783
WA,53073000400,4625370,502177,1.786,0.194,48.7675617,-122.4877903
WA,53073000501,2541847,0,0.981,0,48.7563887,-122.4683045
WA,53073000502,1247203,422756,0.482,0.163,48.7557197,-122.4860422
WA,53073000600,1063020,157711,0.41,0.061,48.7478908,-122.4859588
WA,53073000700,3158690,0,1.22,0,48.7640118,-122.449892
WA,53073000803,4588687,13979,1.772,0.005,48.7720866,-122.4334799
WA,53073000804,11084736,3295519,4.28,1.272,48.7647821,-122.3945096
WA,53073000805,26710996,1158595,10.313,0.447,48.7260983,-122.3888087
WA,53073000806,94959496,15573117,36.664,6.013,48.692166,-122.2652852
WA,53073000901,5284313,0,2.04,0,48.7451848,-122.448307
WA,53073000902,16469940,584593,6.359,0.226,48.7154214,-122.4481098
WA,53073001000,2481592,0,0.958,0,48.7369217,-122.4797992
WA,53073001100,5680574,65862569,2.193,25.43,48.7150195,-122.5187975
WA,53073001201,2468899,0,0.953,0,48.7219184,-122.4831149
WA,53073001202,57536206,30517416,22.215,11.783,48.659891,-122.4547135
WA,53073010100,4235114991,109410772,1635.187,42.244,48.8498915,-121.4903838
WA,53073010200,181264521,2964993,69.987,1.145,48.9380129,-122.3043786
WA,53073010301,93083383,696426,35.94,0.269,48.9573785,-122.521294
WA,53073010302,4259559,124330,1.645,0.048,48.9499648,-122.4548298
WA,53073010303,22853444,71244,8.824,0.028,48.9715778,-122.4351806
WA,53073010401,79511423,4803962,30.7,1.855,48.9733777,-122.6635021
WA,53073010403,21282621,39673364,8.217,15.318,48.9617588,-122.8079958
WA,53073010404,59630874,125890467,23.024,48.607,48.9021484,-122.7644472
WA,53073010501,82476400,75434022,31.844,29.125,48.8889116,-122.7854839
WA,53073010502,19536583,621606,7.543,0.24,48.8735468,-122.5865439
WA,53073010600,49664706,976422,19.176,0.377,48.8653072,-122.524321
WA,53073010701,85520181,1486501,33.02,0.574,48.8825488,-122.4248438
WA,53073010702,58516017,892800,22.593,0.345,48.8421113,-122.3180305
WA,53073010900,23970353,162277458,9.255,62.656,48.6934263,-122.6794705
WA,53073011000,12652235,335956067,4.885,129.713,48.9807878,-123.0297037
WA,53073940000,54064332,43297720,20.874,16.717,48.7673616,-122.6378452
WA,53035080101,2222365,314145,0.858,0.121,47.5971819,-122.6482136
WA,53035080102,2352104,304047,0.908,0.117,47.5919702,-122.6378825
WA,53035080200,2488273,0,0.961,0,47.5975999,-122.6212773
WA,53035080300,1665513,210831,0.643,0.081,47.5830335,-122.6219546
WA,53035080400,2834374,3864793,1.094,1.492,47.5858665,-122.6024334
WA,53035080500,1047524,1501692,0.404,0.58,47.5663845,-122.6236057
WA,53035080600,2338169,880924,0.903,0.34,47.5794687,-122.6494564
WA,53035080700,3813971,2762056,1.473,1.066,47.591731,-122.67488
WA,53035080800,1080778,595744,0.417,0.23,47.5874575,-122.6914367
WA,53035080900,13703429,932762,5.291,0.36,47.5545944,-122.6957014
WA,53035081000,3143655,1232843,1.214,0.476,47.5537535,-122.6691518
WA,53035081100,1496008,0,0.578,0,47.5649675,-122.6575808
WA,53035081200,866673,0,0.335,0,47.5672155,-122.6427904
WA,53035081400,1700695,1744971,0.657,0.674,47.5608248,-122.6305585
WA,53035090101,46128023,11503683,17.81,4.442,47.8586518,-122.5704821
WA,53035090102,48670696,8268251,18.792,3.192,47.8201614,-122.5111756
WA,53035090201,16525609,1938781,6.381,0.749,47.7826635,-122.6720419
WA,53035090202,52223444,6279604,20.164,2.425,47.8017003,-122.611808
WA,53035090300,28765393,2962517,11.106,1.144,47.7245503,-122.7160114
WA,53035090400,22885548,620382,8.836,0.24,47.7155912,-122.6722681
WA,53035090501,5791508,2322943,2.236,0.897,47.742662,-122.6453605
WA,53035090502,7035968,0,2.717,0,47.7402073,-122.6267559
WA,53035090700,16564017,5741681,6.395,2.217,47.6852765,-122.5277148
WA,53035090800,18696125,8958856,7.219,3.459,47.6692046,-122.5598851
WA,53035090900,7642976,2848646,2.951,1.1,47.6333101,-122.5117509
WA,53035091000,28617811,11514111,11.049,4.446,47.6133852,-122.543901
WA,53035091100,19894613,9863454,7.681,3.808,47.6756645,-122.6317547
WA,53035091201,5792121,964321,2.236,0.372,47.6484942,-122.7008884
WA,53035091203,6114906,119224,2.361,0.046,47.6706236,-122.6645449
WA,53035091204,3575682,1352254,1.381,0.522,47.6476102,-122.6745265
WA,53035091301,35051848,4542751,13.534,1.754,47.6152125,-122.8198809
WA,53035091302,34238842,3261225,13.22,1.259,47.6522391,-122.7423623
WA,53035091400,8211673,4788414,3.171,1.849,47.6019181,-122.689175
WA,53035091500,5085439,3345314,1.963,1.292,47.6289311,-122.669034
WA,53035091600,5122361,8927,1.978,0.003,47.6396874,-122.6496358
WA,53035091700,7387770,2791564,2.852,1.078,47.642577,-122.6193665
WA,53035091800,6609388,1983503,2.552,0.766,47.6083906,-122.6021165
WA,53035091900,3957534,2248976,1.528,0.868,47.6136699,-122.6522303
WA,53035092000,190057300,11020971,73.382,4.255,47.5635284,-122.8504366
WA,53035092100,69534167,2432264,26.847,0.939,47.4933033,-122.721945
WA,53035092200,5518632,2437271,2.131,0.941,47.5289923,-122.6484447
WA,53035092300,7443781,0,2.874,0,47.5189436,-122.625002
WA,53035092400,6106261,0,2.358,0,47.5212725,-122.5964115
WA,53035092500,12153466,4412188,4.692,1.704,47.5538649,-122.5931152
WA,53035092600,12013863,5376444,4.639,2.076,47.5564833,-122.5491213
WA,53035092701,24488805,1038346,9.455,0.401,47.4903542,-122.5751327
WA,53035092704,17955506,7401169,6.933,2.858,47.5064576,-122.5168074
WA,53035092801,11707855,228389,4.52,0.088,47.4951928,-122.6135979
WA,53035092802,26483048,1885813,10.225,0.728,47.4534918,-122.5753279
WA,53035092803,18026699,716205,6.96,0.277,47.4150138,-122.5864467
WA,53035092901,71116926,586043,27.458,0.226,47.4303863,-122.7206306
WA,53035092902,27666565,413227,10.682,0.16,47.4341433,-122.6417881
WA,53035940000,13611391,3265087,5.255,1.261,47.7552727,-122.5114837
WA,53035940100,28153503,5373793,10.87,2.075,47.7321188,-122.5802904
WA,53035990100,0,282962419,0,109.252,47.7237539,-122.4652339
WA,53031950202,251332205,80656806,97.04,31.142,47.8392646,-122.9123069
WA,53031950300,208134526,79742421,80.361,30.789,47.9053451,-122.7180541
WA,53031950400,35026810,91748441,13.524,35.424,48.0630915,-122.7015436
WA,53031950500,160770877,256038267,62.074,98.857,48.1307315,-122.9265171
WA,53031950601,10002437,23288128,3.862,8.992,48.139784,-122.7741138
WA,53031950602,11224389,13264354,4.334,5.121,48.1382127,-122.7997724
WA,53031950702,3995299466,187371844,1542.594,72.345,47.7422402,-123.8056594
WA,53031990000,0,262725278,0,101.439,47.7318226,-124.53484
WA,53027000200,317752653,100317374,122.685,38.733,47.1038049,-124.1174848
WA,53027000300,1445790297,25903625,558.223,10.001,47.2804542,-123.8016043
WA,53027000400,649249976,8991338,250.677,3.472,47.1562306,-123.5884695
WA,53027000500,135141036,2067142,52.178,0.798,47.0226388,-123.434974
WA,53027000600,99153352,376260,38.283,0.145,47.0400218,-123.2725012
WA,53027000700,979894611,4396518,378.339,1.698,46.8838437,-123.4719192
WA,53027000800,83830012,6806196,32.367,2.628,46.9760205,-123.706088
WA,53027000900,23489974,3663775,9.07,1.415,46.9484167,-123.7923125
WA,53027001000,6302530,537521,2.433,0.208,46.9809214,-123.7925587
WA,53027001100,5827477,55477,2.25,0.021,46.9885769,-123.8285234
WA,53027001200,3587740,1318596,1.385,0.509,46.9685991,-123.8400085
WA,53027001300,41386109,5454456,15.979,2.106,47.0145337,-123.8554836
WA,53027001400,29029336,948919,11.208,0.366,47.0289826,-123.8907017
WA,53027001500,26460370,56978583,10.216,22,46.9876457,-124.0081419
WA,53027001600,294666065,80909414,113.771,31.239,46.8710235,-123.9677143
WA,53027940000,782782049,42842056,302.234,16.541,47.4191801,-124.1403664
WA,53027990000,0,493200665,0,190.426,47.1639609,-124.2655582
WA,53029970100,26517419,8033108,10.238,3.102,48.3909174,-122.6174648
WA,53029970200,18048519,3705620,6.969,1.431,48.3399471,-122.6683853
WA,53029970300,46840682,14558572,18.085,5.621,48.3290384,-122.5751135
WA,53029970400,14197075,482640,5.482,0.186,48.318534,-122.6710852
WA,53029970500,23101416,6075387,8.92,2.346,48.2720817,-122.7074752
WA,53029970601,1627511,0,0.628,0,48.3027217,-122.6632901
WA,53029970602,1976740,0,0.763,0,48.2921425,-122.6658138
WA,53029970700,2051918,456685,0.792,0.176,48.2900942,-122.6549929
WA,53029970800,1564790,0,0.604,0,48.3015009,-122.6381195
WA,53029970900,11555078,6292460,4.461,2.43,48.2976251,-122.5727329
WA,53029971000,34963144,14436633,13.499,5.574,48.220766,-122.7438343
WA,53029971100,45358282,18977878,17.513,7.327,48.1837987,-122.6496927
WA,53029971300,55895931,26566844,21.582,10.258,48.072751,-122.5860359
WA,53029971400,29108747,5825774,11.239,2.249,48.2188252,-122.5145095
WA,53029971500,27611937,12843235,10.661,4.959,48.2145613,-122.4526433
WA,53029971600,20786518,4484250,8.026,1.731,48.1693578,-122.5075369
WA,53029971700,25456588,20816286,9.829,8.037,48.1096022,-122.4214835
WA,53029971800,21851766,12976359,8.437,5.01,47.9828721,-122.5252614
WA,53029971900,51559687,13926873,19.907,5.377,48.0593268,-122.4807377
WA,53029972000,47732731,13186518,18.43,5.091,47.987852,-122.4059282
WA,53029972100,31815960,18130756,12.284,7,47.9375721,-122.3934862
WA,53029992201,0,598466163,0,231.069,48.3395551,-122.7962515
WA,53009000200,928616677,32622948,358.541,12.596,48.1797346,-124.4116596
WA,53009000300,59395493,93589,22.933,0.036,47.9449687,-124.3707971
WA,53009000400,1061319590,6257330,409.778,2.416,48.0130485,-124.3181458
WA,53009000600,1066105992,24285103,411.626,9.377,48.0037907,-123.8232377
WA,53009000700,12436409,67824,4.802,0.026,48.116665,-123.4915638
WA,53009000800,3147267,0,1.215,0,48.1177852,-123.4627087
WA,53009000900,2317249,0,0.895,0,48.1144131,-123.4452055
WA,53009001000,1783304,0,0.689,0,48.1119682,-123.4287236
WA,53009001100,11069843,4358,4.274,0.002,48.0792075,-123.4393479
WA,53009001200,6626360,0,2.558,0,48.1000168,-123.411369
WA,53009001300,9985664,0,3.855,0,48.1042437,-123.3700006
WA,53009001400,92505220,79300,35.716,0.031,48.0710021,-123.3477931
WA,53009001500,510005732,2189995,196.914,0.846,47.930621,-123.3651009
WA,53009001600,21591300,0,8.336,0,48.1067388,-123.2334297
WA,53009001700,32361001,0,12.495,0,48.1171561,-123.1691053
WA,53009001800,221835200,0,85.651,0,47.9916054,-123.1920584
WA,53009001900,37268797,0,14.39,0,48.1105655,-123.1039854
WA,53009002000,20799233,0,8.031,0,48.060958,-123.1164953
WA,53009002100,3769973,0,1.456,0,48.0787223,-123.100397
WA,53009002300,289851861,71260,111.912,0.028,47.9733074,-123.0081086
WA,53009940000,110360974,462077,42.611,0.178,48.3338551,-124.635404
WA,53009990100,0,2347743752,0,906.469,48.2311825,-123.9388085
WA,53067010100,3187282,1817648,1.231,0.702,47.0452755,-122.9023537
WA,53067010200,5796266,900370,2.238,0.348,47.0610404,-122.8812859
WA,53067010300,3970065,712,1.533,0,47.0447883,-122.8734533
WA,53067010400,4094335,143620,1.581,0.055,47.0242771,-122.884302
WA,53067010510,2686574,0,1.037,0,47.0417218,-122.9441939
WA,53067010520,3715156,586045,1.434,0.226,47.0375908,-122.9174763
WA,53067010600,4144602,389525,1.6,0.15,47.055216,-122.9244932
WA,53067010700,5263917,17669,2.032,0.007,47.0287483,-122.8607989
WA,53067010800,16568325,188456,6.397,0.073,46.9871304,-122.9051948
WA,53067010910,6285670,6220,2.427,0.002,47.015084,-122.9280708
WA,53067010920,9243063,115582,3.569,0.045,46.9974794,-122.9373651
WA,53067011000,27944357,2553202,10.789,0.986,46.9919848,-122.9718376
WA,53067011100,6724027,2210276,2.596,0.853,47.0670235,-122.9364012
WA,53067011200,6775252,50357,2.616,0.019,47.0465602,-122.8161738
WA,53067011300,3321352,518484,1.282,0.2,47.0249695,-122.8350725
WA,53067011410,2648011,0,1.022,0,47.0298796,-122.8092591
WA,53067011420,5632100,691557,2.175,0.267,47.0107423,-122.7992162
WA,53067011500,4455290,0,1.72,0,47.0528069,-122.7795308
WA,53067011610,8000945,1340677,3.089,0.518,47.0319295,-122.7795945
WA,53067011621,4525261,94358,1.747,0.036,46.9976109,-122.8323195
WA,53067011622,2159345,467643,0.834,0.181,46.9987725,-122.7991135
WA,53067011623,3031368,6984,1.17,0.003,46.9922592,-122.8142443
WA,53067011624,10230590,778734,3.95,0.301,46.9957959,-122.7683928
WA,53067011710,9053407,484780,3.496,0.187,47.0021097,-122.8571915
WA,53067011720,20111687,644142,7.765,0.249,46.9688575,-122.8534087
WA,53067011810,190053395,340454,73.38,0.131,46.9626129,-123.0848245
WA,53067011821,33576695,795713,12.964,0.307,46.9299079,-122.9227614
WA,53067011822,35970025,343851,13.888,0.133,46.9372189,-122.9755025
WA,53067011900,136182324,24649792,52.58,9.517,47.079576,-123.0652531
WA,53067012000,23576358,16062806,9.103,6.202,47.0881511,-122.9593951
WA,53067012100,29109439,16980425,11.239,6.556,47.1355247,-122.8749908
WA,53067012211,18575404,1189719,7.172,0.459,47.0952124,-122.8470406
WA,53067012212,10039184,0,3.876,0,47.0583747,-122.8352518
WA,53067012221,34810525,5244803,13.44,2.025,47.1137683,-122.8064783
WA,53067012222,26999514,4792797,10.425,1.851,47.093426,-122.7485775
WA,53067012310,13239660,18124,5.112,0.007,47.0276194,-122.7511266
WA,53067012320,30184084,462525,11.654,0.179,47.0275683,-122.6839154
WA,53067012330,3170180,0,1.224,0,47.0571358,-122.7532426
WA,53067012411,24721621,233777,9.545,0.09,46.9485694,-122.6245069
WA,53067012412,21904487,108567,8.457,0.042,46.9294955,-122.5974377
WA,53067012420,87318002,1700619,33.714,0.657,46.9564727,-122.7168816
WA,53067012510,140374418,6880911,54.199,2.657,46.8041458,-122.4064625
WA,53067012520,252983114,5288460,97.677,2.042,46.8293643,-122.6069969
WA,53067012530,67901933,576890,26.217,0.223,46.8922147,-122.7219396
WA,53067012610,128454380,3317271,49.597,1.281,46.8839764,-122.868397
WA,53067012620,153893904,2276082,59.419,0.879,46.815339,-122.820482
WA,53067012710,41481304,95841,16.016,0.037,46.7969,-122.9554388
WA,53067012720,77369191,1514203,29.872,0.585,46.7868664,-123.0756319
WA,53067012730,109694190,1074691,42.353,0.415,46.8584634,-123.0587925
WA,53067990100,0,25778097,0,9.953,47.1437692,-122.7753216
WA,53033000100,1910585,1486352,0.738,0.574,47.7225472,-122.2818937
WA,53033000200,3286319,0,1.269,0,47.7266401,-122.3099961
WA,53033000300,1211017,0,0.468,0,47.7305259,-122.3329277
WA,53033000401,1281402,81874,0.495,0.032,47.7301879,-122.3518014
WA,53033000402,1798936,0,0.695,0,47.7168585,-122.3523664
WA,53033000500,2882910,932456,1.113,0.36,47.7224094,-122.3710555
WA,53033000600,3783735,54223,1.461,0.021,47.719552,-122.331415
WA,53033000700,1294675,0,0.5,0,47.7156893,-122.3018632
WA,53033000800,1141587,0,0.441,0,47.7112492,-122.2860821
WA,53033000900,1008370,2518828,0.389,0.973,47.7063747,-122.2749586
WA,53033001000,954457,0,0.369,0,47.7064067,-122.2960648
WA,53033001100,1060416,0,0.409,0,47.706547,-122.3068073
WA,53033001200,1834051,0,0.708,0,47.7071214,-122.3228194
WA,53033001300,1183904,0,0.457,0,47.7022815,-122.3421789
WA,53033001400,2137295,211433,0.825,0.082,47.7078795,-122.3674088
WA,53033001500,1170486,398486,0.452,0.154,47.6946324,-122.3949744
WA,53033001600,2041026,457717,0.788,0.177,47.7004764,-122.3799022
WA,53033001701,892771,0,0.345,0,47.6963619,-122.3544843
WA,53033001702,1280221,0,0.494,0,47.6965212,-122.3639488
WA,53033001800,943059,0,0.364,0,47.6940453,-122.3419781
WA,53033001900,1663252,0,0.642,0,47.696535,-122.326216
WA,53033002000,1103323,28680,0.426,0.011,47.695331,-122.3108025
WA,53033002100,1365465,0,0.527,0,47.6953673,-122.2980453
WA,53033002200,2767963,1489216,1.069,0.575,47.6929501,-122.2704386
WA,53033002400,978103,0,0.378,0,47.6866812,-122.2878258
WA,53033002500,984333,0,0.38,0,47.6838969,-122.3022793
WA,53033002600,1216627,28175,0.47,0.011,47.6822031,-122.3113993
WA,53033002700,1597299,0,0.617,0,47.6868671,-122.3311548
WA,53033002800,979862,0,0.378,0,47.685114,-122.349945
WA,53033002900,986207,0,0.381,0,47.6850872,-122.3606466
WA,53033003000,1493249,0,0.577,0,47.6850958,-122.3740444
WA,53033003100,2232860,465516,0.862,0.18,47.6877574,-122.3964308
WA,53033003200,2212983,1276803,0.854,0.493,47.6753292,-122.4022854
WA,53033003300,1296369,0,0.501,0,47.6759714,-122.3768125
WA,53033003400,787147,0,0.304,0,47.6740646,-122.3617463
WA,53033003500,1284760,0,0.496,0,47.6725466,-122.3520881
WA,53033003600,1196466,0,0.462,0,47.6771912,-122.3242054
WA,53033003800,624606,0,0.241,0,47.6794093,-122.2955292
WA,53033003900,973808,0,0.376,0,47.6794117,-122.2823414
WA,53033004000,2606984,3881765,1.007,1.499,47.681718,-122.252368
WA,53033004100,3260947,5661307,1.259,2.186,47.6692844,-122.2581993
WA,53033004200,2464015,0,0.951,0,47.6702043,-122.2841019
WA,53033004301,979359,0,0.378,0,47.6694017,-122.300222
WA,53033004302,330715,0,0.128,0,47.6647406,-122.303595
WA,53033004400,989907,0,0.382,0,47.670341,-122.3119324
WA,53033004500,670999,0,0.259,0,47.6685824,-122.3229111
WA,53033004600,1552357,1033231,0.599,0.399,47.683092,-122.3378674
WA,53033004700,1955447,348553,0.755,0.135,47.6660659,-122.3749544
WA,53033004800,1318564,41555,0.509,0.016,47.6608472,-122.3601847
WA,53033004900,1085823,25325,0.419,0.01,47.6571964,-122.3518455
WA,53033005000,757379,0,0.292,0,47.6608696,-122.3418076
WA,53033005100,881710,0,0.34,0,47.6585183,-122.3322481
WA,53033005200,967020,83285,0.373,0.032,47.6595705,-122.3235185
WA,53033005301,543485,0,0.21,0,47.661505,-122.3131216
WA,53033005302,2507219,749224,0.968,0.289,47.6540399,-122.3012544
WA,53033005400,1199276,647090,0.463,0.25,47.6486281,-122.3381362
WA,53033005600,3032927,1587292,1.171,0.613,47.6405468,-122.4071053
WA,53033005700,5109618,2295838,1.973,0.886,47.6581015,-122.4137704
WA,53033005801,1814248,264894,0.7,0.102,47.6548926,-122.3850376
WA,53033005802,3091585,1156788,1.194,0.447,47.6353633,-122.3802928
WA,53033005900,1806154,173889,0.697,0.067,47.6492259,-122.3685688
WA,53033006000,1349234,150279,0.521,0.058,47.6432313,-122.3527936
WA,53033006100,1191968,695816,0.46,0.269,47.644805,-122.3222796
WA,53033006200,2728141,288801,1.053,0.112,47.6391316,-122.3012264
WA,53033006300,2306076,3491020,0.89,1.348,47.63214,-122.2775439
WA,53033006400,903649,0,0.349,0,47.6285398,-122.3048258
WA,53033006500,1147618,0,0.443,0,47.6309633,-122.3177579
WA,53033006600,1099864,838446,0.425,0.324,47.6286171,-122.3329766
WA,53033006700,1278219,102394,0.494,0.04,47.6318633,-122.3442667
WA,53033006800,718104,0,0.277,0,47.6360306,-122.3564653
WA,53033006900,902888,0,0.349,0,47.6343628,-122.3669714
WA,53033007000,805964,0,0.311,0,47.6282328,-122.3568062
WA,53033007100,862094,0,0.333,0,47.6224443,-122.3574017
WA,53033007200,1010266,0,0.39,0,47.6194539,-122.3431175
WA,53033007300,926050,0,0.358,0,47.6199882,-122.3335164
WA,53033007401,259384,0,0.1,0,47.6229244,-122.3246584
WA,53033007402,249281,0,0.096,0,47.6187608,-122.3244188
WA,53033007500,801751,0,0.31,0,47.6183901,-122.316886
WA,53033007600,571879,0,0.221,0,47.6218678,-122.3075858
WA,53033007700,1058324,0,0.409,0,47.6191203,-122.2973516
WA,53033007800,2114586,3212025,0.816,1.24,47.6141558,-122.2810958
WA,53033007900,698477,0,0.27,0,47.6143865,-122.3076722
WA,53033008001,493762,546001,0.191,0.211,47.6150718,-122.3555298
WA,53033008002,229060,0,0.088,0,47.6120871,-122.3452591
WA,53033008100,827795,368877,0.32,0.142,47.6058683,-122.3393353
WA,53033008200,366707,0,0.142,0,47.6103728,-122.331941
WA,53033008300,237442,0,0.092,0,47.6118178,-122.3280041
WA,53033008400,382616,0,0.148,0,47.6134675,-122.3239419
WA,53033008500,474208,0,0.183,0,47.6051125,-122.3249464
WA,53033008600,711355,0,0.275,0,47.6071015,-122.3166893
WA,53033008700,732385,0,0.283,0,47.6059236,-122.3077909
WA,53033008800,948580,0,0.366,0,47.6073299,-122.2976324
WA,53033008900,1280310,1636171,0.494,0.632,47.6010391,-122.2850405
WA,53033009000,820732,0,0.317,0,47.5982642,-122.3090976
WA,53033009100,418835,0,0.162,0,47.5984232,-122.3217544
WA,53033009200,330170,154864,0.127,0.06,47.6004657,-122.3348315
WA,53033009300,9429073,719985,3.641,0.278,47.5771253,-122.330936
WA,53033009400,1723073,0,0.665,0,47.5881924,-122.3098671
WA,53033009500,2596041,2909196,1.002,1.123,47.5783426,-122.2831943
WA,53033009600,1936669,1354203,0.748,0.523,47.5899898,-122.3882351
WA,53033009701,1857987,1610494,0.717,0.622,47.5731929,-122.4101745
WA,53033009702,2219067,0,0.857,0,47.571927,-122.3960103
WA,53033009800,1930637,0,0.745,0,47.5719546,-122.383094
WA,53033009900,6566266,2286605,2.535,0.883,47.5794536,-122.3550326
WA,53033010001,2254022,60359,0.87,0.023,47.5673069,-122.3043618
WA,53033010002,948258,0,0.366,0,47.576579,-122.3095727
WA,53033010100,2509574,1534926,0.969,0.593,47.5670447,-122.2751446
WA,53033010200,2783287,1396979,1.075,0.539,47.555977,-122.2657498
WA,53033010300,1660256,0,0.641,0,47.5541363,-122.282639
WA,53033010401,1616685,0,0.624,0,47.553203,-122.2956373
WA,53033010402,1798893,0,0.695,0,47.5537876,-122.3102256
WA,53033010500,1717927,0,0.663,0,47.5574406,-122.3855495
WA,53033010600,2594296,817132,1.002,0.315,47.5476485,-122.3918719
WA,53033010701,1452790,3664,0.561,0.001,47.5450729,-122.3675013
WA,53033010702,784715,0,0.303,0,47.5468041,-122.3730302
WA,53033010800,4093698,330620,1.581,0.128,47.5440342,-122.3498743
WA,53033010900,4789750,272908,1.849,0.105,47.5425052,-122.3199752
WA,53033011001,1070775,0,0.413,0,47.5383594,-122.2862045
WA,53033011002,1676109,0,0.647,0,47.540414,-122.2989097
WA,53033011101,1150365,0,0.444,0,47.539484,-122.2773724
WA,53033011102,1303226,1631244,0.503,0.63,47.5379287,-122.2633613
WA,53033011200,2766107,227077,1.068,0.088,47.5296655,-122.3262393
WA,53033011300,3157573,42220,1.219,0.016,47.527369,-122.3448435
WA,53033011401,1233156,0,0.476,0,47.5297061,-122.362028
WA,53033011402,1186185,0,0.458,0,47.5206654,-122.3646254
WA,53033011500,1538373,0,0.594,0,47.5301833,-122.375533
WA,53033011600,3109902,971211,1.201,0.375,47.5282704,-122.3897768
WA,53033011700,3506716,0,1.354,0,47.5201697,-122.2828499
WA,53033011800,2301121,2269206,0.888,0.876,47.5154414,-122.253208
WA,53033011900,3179413,1320016,1.228,0.51,47.5089452,-122.2517818
WA,53033012000,1447511,0,0.559,0,47.5129291,-122.3806808
WA,53033012100,1721296,1399504,0.665,0.54,47.507595,-122.3873799
WA,53033020100,1772606,684792,0.684,0.264,47.7707111,-122.387361
WA,53033020200,2591639,0,1.001,0,47.7716674,-122.3633584
WA,53033020300,2557040,45454,0.987,0.018,47.7689986,-122.3417532
WA,53033020401,2314353,0,0.894,0,47.7708202,-122.3195385
WA,53033020402,2786018,0,1.076,0,47.7695101,-122.297027
WA,53033020500,2722043,0,1.051,0,47.7562524,-122.3138057
WA,53033020600,1974729,0,0.762,0,47.7560214,-122.3321002
WA,53033020700,1711192,0,0.661,0,47.7561637,-122.3473227
WA,53033020800,3160177,644499,1.22,0.249,47.756977,-122.3716178
WA,53033020900,4773220,631228,1.843,0.244,47.7432786,-122.3639033
WA,53033021000,2635365,5753,1.018,0.002,47.7396007,-122.3357847
WA,53033021100,2619717,0,1.011,0,47.7412054,-122.3128854
WA,53033021300,1811832,1189300,0.7,0.459,47.7402939,-122.286956
WA,53033021400,3154039,242662,1.218,0.094,47.7507662,-122.2924491
WA,53033021500,3502490,412526,1.352,0.159,47.7643848,-122.2737863
WA,53033021600,2872050,143535,1.109,0.055,47.7670311,-122.2582787
WA,53033021700,5659731,0,2.185,0,47.7642357,-122.2352512
WA,53033021802,4904952,0,1.894,0,47.7674646,-122.1727479
WA,53033021803,3280711,0,1.267,0,47.7644705,-122.2144312
WA,53033021804,3062732,0,1.183,0,47.7657791,-122.1964027
WA,53033021903,3131309,10680,1.209,0.004,47.7175135,-122.1788294
WA,53033021904,3404580,0,1.315,0,47.7229334,-122.1616152
WA,53033021905,2691631,0,1.039,0,47.743212,-122.1814275
WA,53033021906,3830377,0,1.479,0,47.7406264,-122.1646907
WA,53033022001,4416571,0,1.705,0,47.7451842,-122.1989026
WA,53033022003,2318496,0,0.895,0,47.725731,-122.1982413
WA,53033022005,2422668,0,0.935,0,47.7116184,-122.193895
WA,53033022006,1408906,0,0.544,0,47.7043393,-122.1992667
WA,53033022101,3620838,1623502,1.398,0.627,47.7418778,-122.255917
WA,53033022102,4672941,0,1.804,0,47.7424553,-122.2258998
WA,53033022201,2290377,0,0.884,0,47.7263403,-122.2320467
WA,53033022202,2613888,0,1.009,0,47.7206893,-122.2143318
WA,53033022203,3134031,691117,1.21,0.267,47.7067004,-122.2253264
WA,53033022300,5091847,3835973,1.966,1.481,47.7138279,-122.2495245
WA,53033022400,4621985,3780817,1.785,1.46,47.6859329,-122.2113268
WA,53033022500,3737443,226034,1.443,0.087,47.6799379,-122.1930142
WA,53033022603,2896823,12563,1.118,0.005,47.6948197,-122.1716302
WA,53033022604,2955134,0,1.141,0,47.6762277,-122.1740018
WA,53033022605,4727291,0,1.825,0,47.6914671,-122.1557445
WA,53033022606,2757461,27137,1.065,0.01,47.6689188,-122.1547915
WA,53033022701,1498649,602022,0.579,0.232,47.6548842,-122.2056738
WA,53033022702,2450342,0,0.946,0,47.6568197,-122.1942746
WA,53033022703,4207715,0,1.625,0,47.6572912,-122.1758426
WA,53033022801,4865282,0,1.878,0,47.646431,-122.1532208
WA,53033022802,2655977,0,1.025,0,47.6633889,-122.1350052
WA,53033022803,4772682,0,1.843,0,47.6439331,-122.1312723
WA,53033022901,1484061,0,0.573,0,47.6366077,-122.1183943
WA,53033022902,3461594,1639816,1.337,0.633,47.63837,-122.0992057
WA,53033023000,3328145,2246704,1.285,0.867,47.6223503,-122.1009811
WA,53033023100,2534696,1856284,0.979,0.717,47.5972745,-122.1103216
WA,53033023201,1589792,0,0.614,0,47.6186062,-122.1375409
WA,53033023202,1470665,0,0.568,0,47.6179632,-122.1270727
WA,53033023300,3589674,248744,1.386,0.096,47.6003452,-122.1289619
WA,53033023401,3741221,0,1.444,0,47.5867511,-122.1467333
WA,53033023403,3331312,1860338,1.286,0.718,47.5805595,-122.1141855
WA,53033023404,1821105,1744088,0.703,0.673,47.5667871,-122.0877726
WA,53033023500,2273133,0,0.878,0,47.5913824,-122.1728599
WA,53033023601,4602336,0,1.777,0,47.6104583,-122.171913
WA,53033023603,2028191,0,0.783,0,47.6173977,-122.1508058
WA,53033023604,2939207,0,1.135,0,47.599391,-122.153951
WA,53033023700,7530670,18268,2.908,0.007,47.6327201,-122.1733574
WA,53033023801,3723108,0,1.438,0,47.5957111,-122.1886971
WA,53033023803,563966,0,0.218,0,47.6192542,-122.1978583
WA,53033023804,1221174,0,0.471,0,47.613281,-122.1984643
WA,53033023900,4757330,4112647,1.837,1.588,47.5830719,-122.2002301
WA,53033024000,4681565,241905,1.808,0.093,47.6273756,-122.2042081
WA,53033024100,4493623,1609018,1.735,0.621,47.6444367,-122.2200447
WA,53033024200,3734833,11099650,1.442,4.286,47.634759,-122.2405256
WA,53033024300,4102742,9432859,1.584,3.642,47.5901123,-122.245844
WA,53033024400,1652257,636370,0.638,0.246,47.5822829,-122.217867
WA,53033024500,3795519,2217430,1.465,0.856,47.5664031,-122.2202549
WA,53033024601,4016906,2661751,1.551,1.028,47.5484565,-122.2237306
WA,53033024602,2877517,2560132,1.111,0.988,47.5326968,-122.2319773
WA,53033024701,2739264,0,1.058,0,47.5614778,-122.1808593
WA,53033024702,6416284,780824,2.477,0.301,47.5396112,-122.1898817
WA,53033024800,3775631,0,1.458,0,47.5743916,-122.1521005
WA,53033024901,3183752,0,1.229,0,47.5633033,-122.1575188
WA,53033024902,2029986,0,0.784,0,47.5653697,-122.1337183
WA,53033024903,4963600,0,1.916,0,47.5508498,-122.1412595
WA,53033025001,3531211,28798,1.363,0.011,47.5379558,-122.1689468
WA,53033025003,6399304,0,2.471,0,47.5567474,-122.1079835
WA,53033025005,7684825,0,2.967,0,47.5306823,-122.1466867
WA,53033025006,22399482,0,8.648,0,47.5269216,-122.0986787
WA,53033025101,2935519,0,1.133,0,47.509392,-122.1549957
WA,53033025102,6232159,0,2.406,0,47.4980982,-122.140725
WA,53033025200,4545405,0,1.755,0,47.5106806,-122.1827454
WA,53033025301,3808549,2024154,1.47,0.782,47.5102693,-122.2031668
WA,53033025302,3981925,2424873,1.537,0.936,47.4920139,-122.2153505
WA,53033025400,2301456,0,0.889,0,47.4945379,-122.1839111
WA,53033025500,1525767,0,0.589,0,47.4970783,-122.1699573
WA,53033025601,2894103,0,1.117,0,47.4827528,-122.1748691
WA,53033025602,5204944,0,2.01,0,47.4777132,-122.1488815
WA,53033025701,3778558,0,1.459,0,47.4716049,-122.1913869
WA,53033025702,2860500,0,1.104,0,47.4638276,-122.1646069
WA,53033025803,1343482,0,0.519,0,47.4503896,-122.178457
WA,53033025804,2358345,0,0.911,0,47.4547647,-122.1691692
WA,53033025805,2392256,35493,0.924,0.014,47.4544039,-122.1939162
WA,53033025806,2936688,150285,1.134,0.058,47.4550034,-122.2107374
WA,53033026001,2744886,0,1.06,0,47.499021,-122.2362175
WA,53033026002,2767312,1607,1.068,0.001,47.4825107,-122.2239768
WA,53033026100,4302988,9859,1.661,0.004,47.4910723,-122.2500978
WA,53033026200,15261727,507783,5.893,0.196,47.4591441,-122.2435898
WA,53033026300,4826487,388852,1.864,0.15,47.5089785,-122.2891198
WA,53033026400,4781122,298314,1.846,0.115,47.5090918,-122.3112029
WA,53033026500,1993794,1625,0.77,0.001,47.5141844,-122.3382222
WA,53033026600,1160397,0,0.448,0,47.512846,-122.3632681
WA,53033026700,3084838,419292,1.191,0.162,47.4962149,-122.3638882
WA,53033026801,1541376,3031,0.595,0.001,47.5076338,-122.3433587
WA,53033026802,2035728,18135,0.786,0.007,47.497829,-122.3413234
WA,53033027000,1978526,12524,0.764,0.005,47.4976819,-122.3219067
WA,53033027100,1569800,0,0.606,0,47.4920446,-122.2998371
WA,53033027200,3323738,85339,1.283,0.033,47.4867948,-122.2813197
WA,53033027300,3546826,5405,1.369,0.002,47.4805957,-122.298521
WA,53033027400,3325460,0,1.284,0,47.4827326,-122.3236114
WA,53033027500,2229520,0,0.861,0,47.4816357,-122.341172
WA,53033027600,2853268,1287563,1.102,0.497,47.4749473,-122.354653
WA,53033027701,44157316,9776019,17.049,3.775,47.4509608,-122.4764915
WA,53033027702,51484409,23437132,19.878,9.049,47.3954027,-122.4686016
WA,53033027800,2583028,1102722,0.997,0.426,47.4515094,-122.3679231
WA,53033027900,3355579,156045,1.296,0.06,47.4638936,-122.3478454
WA,53033028000,1950999,0,0.753,0,47.466716,-122.3244687
WA,53033028100,1585752,0,0.612,0,47.4687464,-122.2989253
WA,53033028200,2697144,1028,1.041,0,47.4656308,-122.2755633
WA,53033028300,8205483,153403,3.168,0.059,47.4309168,-122.2693876
WA,53033028402,8492417,0,3.279,0,47.4504814,-122.3033032
WA,53033028403,2094668,32665,0.809,0.013,47.4388123,-122.283405
WA,53033028500,3509794,0,1.355,0,47.4454085,-122.3248135
WA,53033028600,6460233,1894370,2.494,0.731,47.4329749,-122.3446892
WA,53033028700,2675323,0,1.033,0,47.4212394,-122.3278018
WA,53033028801,5182692,0,2.001,0,47.4206904,-122.3086544
WA,53033028802,2436529,415839,0.941,0.161,47.4249416,-122.2880021
WA,53033028901,2285604,425573,0.882,0.164,47.4026302,-122.3203514
WA,53033028902,2065173,0,0.797,0,47.399399,-122.3017519
WA,53033029001,2636290,952681,1.018,0.368,47.3840122,-122.3220799
WA,53033029003,2568720,0,0.992,0,47.3825163,-122.3057593
WA,53033029004,1827471,0,0.706,0,47.3798603,-122.2968845
WA,53033029101,3369040,166509,1.301,0.064,47.3975237,-122.2794706
WA,53033029102,2567134,0,0.991,0,47.379886,-122.2841327
WA,53033029203,2009022,0,0.776,0,47.3862784,-122.2313781
WA,53033029204,4234265,1686,1.635,0.001,47.3955305,-122.2160422
WA,53033029205,1868726,40406,0.722,0.016,47.3878154,-122.2636313
WA,53033029206,17212463,214541,6.646,0.083,47.4144378,-122.2433601
WA,53033029303,3609517,0,1.394,0,47.4368907,-122.2014158
WA,53033029304,4132302,30348,1.595,0.012,47.4385923,-122.1691665
WA,53033029305,2897235,2246,1.119,0.001,47.4219144,-122.2114434
WA,53033029306,2372865,182821,0.916,0.071,47.4214221,-122.1801056
WA,53033029307,3808774,61752,1.471,0.024,47.4218407,-122.1594823
WA,53033029403,2407383,385,0.929,0,47.4094368,-122.2002607
WA,53033029405,2492141,0,0.962,0,47.4089183,-122.1759183
WA,53033029406,2616767,92988,1.01,0.036,47.397426,-122.1786798
WA,53033029407,1360512,0,0.525,0,47.3942408,-122.2017733
WA,53033029408,1238189,0,0.478,0,47.3946962,-122.1916681
WA,53033029502,4309767,36463,1.664,0.014,47.3741574,-122.1753447
WA,53033029503,2361402,545,0.912,0,47.3763084,-122.2063943
WA,53033029504,1883409,0,0.727,0,47.3797202,-122.1945496
WA,53033029601,3951034,70157,1.526,0.027,47.3561518,-122.1841491
WA,53033029602,6659406,50035,2.571,0.019,47.338352,-122.1880633
WA,53033029700,11066175,220437,4.273,0.085,47.3647615,-122.2261718
WA,53033029801,7898840,164309,3.05,0.063,47.3605761,-122.2678699
WA,53033029802,6856331,174573,2.647,0.067,47.3445746,-122.2747262
WA,53033029901,3958797,107134,1.529,0.041,47.3240587,-122.282336
WA,53033029902,6301677,0,2.433,0,47.3204223,-122.2617258
WA,53033030003,4719631,846303,1.822,0.327,47.3588458,-122.3152313
WA,53033030004,2051060,0,0.792,0,47.3501114,-122.3034394
WA,53033030005,2179298,0,0.841,0,47.3365387,-122.3027891
WA,53033030006,1990077,163997,0.768,0.063,47.3240403,-122.3041394
WA,53033030100,5851590,1972452,2.259,0.762,47.3361138,-122.3469054
WA,53033030201,2807514,64020,1.084,0.025,47.3206275,-122.3485442
WA,53033030202,3266213,0,1.261,0,47.3244001,-122.3231461
WA,53033030304,7371296,14259,2.846,0.006,47.2760561,-122.3313814
WA,53033030305,3783118,1035821,1.461,0.4,47.3189889,-122.3888645
WA,53033030306,3762759,573042,1.453,0.221,47.3130416,-122.3996449
WA,53033030308,2154064,0,0.832,0,47.3083168,-122.3520249
WA,53033030309,2194431,27034,0.847,0.01,47.3034954,-122.3372996
WA,53033030310,3205495,0,1.238,0,47.2901057,-122.3495936
WA,53033030311,1900453,3993,0.734,0.002,47.3078811,-122.368573
WA,53033030312,1852904,0,0.715,0,47.2932141,-122.3682009
WA,53033030313,4011901,0,1.549,0,47.3002653,-122.3139549
WA,53033030314,2492082,0,0.962,0,47.3080966,-122.3237353
WA,53033030401,12145092,342428,4.689,0.132,47.2944923,-122.2855895
WA,53033030403,3862324,6562,1.491,0.003,47.2677479,-122.30923
WA,53033030404,5998030,215746,2.316,0.083,47.267424,-122.2759315
WA,53033030501,11347165,43830,4.381,0.017,47.3273852,-122.2353377
WA,53033030503,3244235,69267,1.253,0.027,47.3425912,-122.2130827
WA,53033030504,1524226,42762,0.589,0.017,47.3211155,-122.2135048
WA,53033030600,3359687,69757,1.297,0.027,47.3069144,-122.2074969
WA,53033030700,1563565,0,0.604,0,47.2971636,-122.2215689
WA,53033030801,6987747,33799,2.698,0.013,47.2873666,-122.2352954
WA,53033030802,1372873,0,0.53,0,47.2860456,-122.2137235
WA,53033030901,3121507,0,1.205,0,47.280712,-122.2531115
WA,53033030902,3896678,46990,1.505,0.018,47.2657557,-122.2444934
WA,53033031000,12594648,162486,4.863,0.063,47.2689535,-122.1862464
WA,53033031100,7323577,116062,2.828,0.045,47.2909187,-122.1895001
WA,53033031202,66751566,879600,25.773,0.34,47.2520052,-122.0674874
WA,53033031204,36879890,608833,14.239,0.235,47.306388,-122.129911
WA,53033031205,5852468,41393,2.26,0.016,47.3280223,-122.177855
WA,53033031206,3661771,60515,1.414,0.023,47.3135579,-122.1835289
WA,53033031301,32977503,460440,12.733,0.178,47.2046996,-122.0589541
WA,53033031302,10823919,111633,4.179,0.043,47.1859757,-122.0118854
WA,53033031400,6376533,1179,2.462,0,47.206636,-121.9889145
WA,53033031501,161444829,2000421,62.334,0.772,47.32038,-121.8791431
WA,53033031502,1025833240,9169303,396.076,3.54,47.2402889,-121.6344475
WA,53033031601,14669537,418506,5.664,0.162,47.331213,-122.0859477
WA,53033031603,56005468,1525167,21.624,0.589,47.3236431,-121.9918469
WA,53033031604,4155323,3229,1.604,0.001,47.3543904,-122.0322967
WA,53033031605,15390880,1564308,5.942,0.604,47.3232517,-122.0465811
WA,53033031703,7140465,642672,2.757,0.248,47.3716888,-122.1484314
WA,53033031704,5745027,12142,2.218,0.005,47.3486004,-122.1450935
WA,53033031705,5049494,4701,1.95,0.002,47.3823344,-122.1152649
WA,53033031706,4168149,7815,1.609,0.003,47.364007,-122.1167425
WA,53033031800,24903611,3270268,9.615,1.263,47.4085335,-122.1178188
WA,53033031903,11736805,0,4.532,0,47.4821782,-122.110871
WA,53033031904,18942608,168049,7.314,0.065,47.4643625,-122.0637746
WA,53033031906,10810184,532182,4.174,0.205,47.4362438,-122.0943078
WA,53033031907,5531334,0,2.136,0,47.4532903,-122.130477
WA,53033031908,1827094,0,0.705,0,47.4471071,-122.1427639
WA,53033031909,1916059,0,0.74,0,47.4378388,-122.1434772
WA,53033032002,27600238,180645,10.657,0.07,47.4251944,-122.0520304
WA,53033032003,122145970,304929,47.161,0.118,47.4409399,-121.9259862
WA,53033032005,6296630,123240,2.431,0.048,47.3732347,-122.0847889
WA,53033032006,7614208,122949,2.94,0.047,47.3499202,-122.0803474
WA,53033032007,11493562,144663,4.438,0.056,47.3907811,-122.067078
WA,53033032008,2292598,159028,0.885,0.061,47.364506,-122.0492466
WA,53033032010,4820859,0,1.861,0,47.3780192,-122.0232476
WA,53033032011,3366970,280902,1.3,0.108,47.3671293,-122.030077
WA,53033032102,79057907,84390,30.524,0.033,47.4851507,-121.9657839
WA,53033032103,4007615,0,1.547,0,47.5388094,-122.0482835
WA,53033032104,22475753,0,8.678,0,47.5051213,-122.0531547
WA,53033032203,10073200,5080307,3.889,1.962,47.5954515,-122.0694737
WA,53033032207,4629018,1286942,1.787,0.497,47.5834873,-122.0602972
WA,53033032208,10915183,1096258,4.214,0.423,47.5605812,-122.0461488
WA,53033032210,41785781,17076,16.134,0.007,47.5511781,-121.9640487
WA,53033032211,2975615,0,1.149,0,47.5798198,-122.0193628
WA,53033032212,3372136,42596,1.302,0.016,47.569504,-122.0082855
WA,53033032213,4137374,286842,1.597,0.111,47.586805,-121.9887226
WA,53033032214,6683460,44579,2.58,0.017,47.6028805,-122.0215
WA,53033032215,16009902,10175,6.181,0.004,47.6062193,-121.9865085
WA,53033032307,11753124,234335,4.538,0.09,47.7580051,-122.0907595
WA,53033032309,6164093,0,2.38,0,47.6856238,-122.1338163
WA,53033032311,23584831,92770,9.106,0.036,47.7515039,-122.0387481
WA,53033032313,13089861,436034,5.054,0.168,47.6705077,-122.0890065
WA,53033032315,44497086,1355615,17.18,0.523,47.6759251,-121.9890964
WA,53033032316,6231120,2604569,2.406,1.006,47.6392206,-122.0712475
WA,53033032317,4393971,0,1.697,0,47.6276169,-122.0479843
WA,53033032318,7354434,0,2.84,0,47.6350733,-122.0320771
WA,53033032319,6852138,0,2.646,0,47.7596501,-122.1476297
WA,53033032320,9614163,40422,3.712,0.016,47.7564769,-122.1244452
WA,53033032321,12671458,0,4.892,0,47.7179219,-122.1263255
WA,53033032322,4625049,0,1.786,0,47.726004,-122.0978452
WA,53033032323,3291834,0,1.271,0,47.6986018,-122.1117667
WA,53033032324,2048589,0,0.791,0,47.6855267,-122.1199841
WA,53033032325,2212935,0,0.854,0,47.6864819,-122.1049565
WA,53033032326,10460422,0,4.039,0,47.700761,-122.0785848
WA,53033032327,16120164,114301,6.224,0.044,47.7100617,-122.0434083
WA,53033032328,8504237,0,3.284,0,47.6641638,-122.0461286
WA,53033032329,9669024,0,3.733,0,47.6836611,-122.0297142
WA,53033032401,56094390,1062071,21.658,0.41,47.7463169,-121.947874
WA,53033032402,25135987,635210,9.705,0.245,47.7050513,-121.9486574
WA,53033032500,214256593,3894260,82.725,1.504,47.7019699,-121.8306143
WA,53033032601,61320368,1099846,23.676,0.425,47.5815307,-121.8699449
WA,53033032602,30194599,645094,11.658,0.249,47.5350747,-121.8783343
WA,53033032702,510723372,12499164,197.191,4.826,47.4631766,-121.4990586
WA,53033032703,10319393,175464,3.984,0.068,47.5143769,-121.8178721
WA,53033032704,17160652,447358,6.626,0.173,47.4940877,-121.7717401
WA,53033032800,1390458274,27318412,536.859,10.548,47.6530738,-121.4312774
WA,53033990100,0,240219030,0,92.749,47.5114383,-122.4154271
WA,53055960100,167384631,97712589,64.628,37.727,48.6419778,-122.890388
WA,53055960300,143421567,102597510,55.375,39.613,48.5712636,-123.1134824
WA,53055960400,15115434,11585380,5.836,4.473,48.5310919,-122.9881427
WA,53055960500,124507042,119798638,48.072,46.255,48.5219398,-122.8719821
WA,53055990100,0,825734144,0,318.818,48.3528901,-123.0561668