GEOID10,INTPTLAT10,INTPTLON10
53033022006,+47.7043393,-122.1992667
53033032320,+47.7564769,-122.1244452
53033031703,+47.3716888,-122.1484314
53033031206,+47.3135621,-122.1835380
53033032102,+47.4851508,-121.9657840
53033032210,+47.5512023,-121.9640526
53033032211,+47.5798198,-122.0193627
53033032104,+47.5051267,-122.0531593
53033032313,+47.6705089,-122.0890118
53033032203,+47.5954699,-122.0694173
53033032703,+47.5143769,-121.8178721
53033032704,+47.4939904,-121.7716730
53033027300,+47.4780597,-122.2993280
53033027200,+47.4867948,-122.2813197
53033027100,+47.4920386,-122.2998447
53033027000,+47.4976819,-122.3219067
53033026802,+47.4983057,-122.3429643
53033026801,+47.5076338,-122.3433587
53033026700,+47.4962788,-122.3638054
53033026600,+47.5128460,-122.3632681
53033000800,+47.7112492,-122.2860821
53033000700,+47.7156893,-122.3018632
53033000600,+47.7180013,-122.3322129
53033000500,+47.7224094,-122.3710555
53033000402,+47.7168585,-122.3523664
53033000401,+47.7288710,-122.3509939
53033000300,+47.7305246,-122.3329227
53033000200,+47.7266401,-122.3099961
53033000100,+47.7238068,-122.2819279
53033990100,+47.5106478,-122.4154213
53033032500,+47.7019699,-121.8306143
53033031907,+47.4533052,-122.1305064
53033031800,+47.4085329,-122.1178196
53033032002,+47.4347894,-122.0315839
53033032003,+47.4405378,-121.9250546
53033031704,+47.3485371,-122.1448222
53033032005,+47.3704870,-122.0854653
53033032006,+47.3499202,-122.0803474
53033032207,+47.5819653,-122.0606739
53033021803,+47.7644157,-122.2144243
53033032602,+47.5354747,-121.8783150
53033032702,+47.4631730,-121.4975361
53033032800,+47.6526481,-121.4312963
53033026500,+47.5145478,-122.3380052
53033026400,+47.5091310,-122.3111776
53033026300,+47.5089631,-122.2889871
53033026200,+47.4591441,-122.2435898
53033026100,+47.4910723,-122.2500978
53033026001,+47.4990270,-122.2362315
53033021500,+47.7643848,-122.2737863
53033021400,+47.7507662,-122.2924491
53033021300,+47.7402939,-122.2869560
53033001702,+47.6965212,-122.3639488
53033004302,+47.6647406,-122.3035950
53033004301,+47.6694017,-122.3002220
53033007402,+47.6187608,-122.3244188
53033010002,+47.5765790,-122.3095727
53033010001,+47.5673069,-122.3043618
53033011002,+47.5404140,-122.2989097
53033010402,+47.5537876,-122.3102256
53033010702,+47.5468041,-122.3730302
53033011402,+47.5206654,-122.3646254
53033022605,+47.6914671,-122.1557444
53033022902,+47.6403935,-122.1022780
53033024602,+47.5326968,-122.2319773
53033025803,+47.4503896,-122.1784570
53033031601,+47.3312130,-122.0859477
53033031603,+47.3236418,-121.9918500
53033032103,+47.5390618,-122.0487975
53033025001,+47.5380627,-122.1693928
53033032401,+47.7463098,-121.9478877
53033032402,+47.7044428,-121.9517972
53033031501,+47.3188879,-121.8784572
53033021100,+47.7412054,-122.3128854
53033021000,+47.7396007,-122.3357847
53033020900,+47.7432786,-122.3639033
53033020800,+47.7569770,-122.3716178
53033020700,+47.7561636,-122.3473227
53033020600,+47.7560214,-122.3321002
53033020500,+47.7562524,-122.3138057
53033011401,+47.5297060,-122.3620280
53033025302,+47.4920143,-122.2153507
53033025806,+47.4550034,-122.2107374
53033027701,+47.4509608,-122.4764915
53033032326,+47.7007610,-122.0785848
53033032327,+47.7100617,-122.0434083
53033023404,+47.5669930,-122.0852255
53033023403,+47.5817847,-122.1151458
53033023804,+47.6132805,-122.1984660
53033023201,+47.6186062,-122.1375409
53033023900,+47.5830719,-122.2002301
53033032322,+47.7260040,-122.0978452
53033032321,+47.7179214,-122.1263246
53033021804,+47.7657027,-122.1963736
53033022101,+47.7417973,-122.2556683
53033025003,+47.5567201,-122.1081035
53033022701,+47.6536174,-122.2060589
53033032008,+47.3669213,-122.0495778
53033032208,+47.5604078,-122.0460114
53033020402,+47.7695100,-122.2970269
53033020401,+47.7708169,-122.3195413
53033020300,+47.7689986,-122.3417532
53033020200,+47.7716683,-122.3633594
53033020100,+47.7707111,-122.3873610
53033012100,+47.5075950,-122.3873799
53033023803,+47.6192542,-122.1978584
53033025006,+47.5269219,-122.0986860
53033025005,+47.5306823,-122.1466867
53033025602,+47.4777132,-122.1488815
53033029206,+47.4144378,-122.2433601
53033029102,+47.3799253,-122.2841053
53033029101,+47.3975237,-122.2794706
53033030006,+47.3240408,-122.3041391
53033030314,+47.3080955,-122.3236866
53033030313,+47.3002419,-122.3139509
53033031605,+47.3204617,-122.0465501
53033024100,+47.6426931,-122.2202683
53033022703,+47.6572912,-122.1758426
53033024200,+47.6330584,-122.2404977
53033022203,+47.7066987,-122.2253274
53033024800,+47.5743916,-122.1521009
53033024902,+47.5653697,-122.1337183
53033024903,+47.5508498,-122.1412595
53033025102,+47.4980982,-122.1407250
53033031903,+47.4821782,-122.1108710
53033031904,+47.4653650,-122.0628374
53033031906,+47.4362336,-122.0943157
53033031301,+47.2046996,-122.0589541
53033031100,+47.2909187,-122.1895001
53033031000,+47.2689535,-122.1862464
53033030902,+47.2657557,-122.2444934
53033030901,+47.2807120,-122.2531115
53033030802,+47.2860456,-122.2137235
53033030801,+47.2873666,-122.2352954
53033012000,+47.5129291,-122.3806808
53033011900,+47.5089452,-122.2517818
53033010900,+47.5425052,-122.3199752
53033010800,+47.5440342,-122.3498743
53033010600,+47.5476485,-122.3918719
53033010500,+47.5574406,-122.3855495
53033010300,+47.5541363,-122.2826390
53033031604,+47.3543883,-122.0322942
53033032011,+47.3691715,-122.0327857
53033031706,+47.3636938,-122.1170035
53033032215,+47.6062193,-121.9865085
53033032329,+47.6836608,-122.0297140
53033032328,+47.6641636,-122.0461287
53033001701,+47.6963619,-122.3544843
53033007401,+47.6229244,-122.3246584
53033032317,+47.6276169,-122.0479843
53033032315,+47.6679952,-121.9798462
53033032319,+47.7595596,-122.1476582
53033021906,+47.7423026,-122.1694451
53033021905,+47.7431697,-122.1814242
53033032307,+47.7580051,-122.0907595
53033032311,+47.7515039,-122.0387481
53033032324,+47.6855259,-122.1199830
53033022801,+47.6464310,-122.1532208
53033030700,+47.2971636,-122.2215689
53033030600,+47.3069144,-122.2074969
53033030504,+47.3211155,-122.2135048
53033030503,+47.3425849,-122.2130556
53033030501,+47.3272298,-122.2353245
53033030404,+47.2674240,-122.2759315
53033010200,+47.5540013,-122.2608175
53033010100,+47.5670447,-122.2751446
53033009900,+47.5789585,-122.3638568
53033009800,+47.5719546,-122.3830940
53033009702,+47.5719270,-122.3960103
53033009701,+47.5731929,-122.4101745
53033009600,+47.5899898,-122.3882351
53033010401,+47.5532039,-122.2956376
53033010701,+47.5450729,-122.3675013
53033011001,+47.5383594,-122.2862045
53033025301,+47.5102693,-122.2031668
53033025601,+47.4827528,-122.1748691
53033025805,+47.4548196,-122.1939161
53033022803,+47.6439331,-122.1312723
53033023202,+47.6179632,-122.1270727
53033031205,+47.3280223,-122.1778550
53033031502,+47.2405383,-121.6336958
53033022005,+47.7116198,-122.1939066
53033021802,+47.7673777,-122.1727400
53033021904,+47.7229333,-122.1616154
53033030403,+47.2677479,-122.3092300
53033030401,+47.2944923,-122.2855895
53033030312,+47.2932144,-122.3682146
53033030311,+47.3078811,-122.3685730
53033030310,+47.2901057,-122.3495936
53033009500,+47.5783426,-122.2831943
53033009400,+47.5881924,-122.3098671
53033009300,+47.5776855,-122.3309417
53033009200,+47.6004657,-122.3348315
53033009100,+47.5984232,-122.3217544
53033009000,+47.5982642,-122.3090976
53033008900,+47.6010391,-122.2850405
53033008800,+47.6073299,-122.2976324
53033029205,+47.3878189,-122.2633930
53033030005,+47.3365301,-122.3027673
53033031705,+47.3829339,-122.1150241
53033032010,+47.3780192,-122.0232476
53033032213,+47.5868050,-121.9887226
53033032214,+47.6028805,-122.0215000
53033022300,+47.7138649,-122.2487460
53033022400,+47.6859329,-122.2113268
53033022901,+47.6366077,-122.1183943
53033022606,+47.6689188,-122.1547915
53033022702,+47.6568197,-122.1942746
53033023000,+47.6205810,-122.1031787
53033030309,+47.3032998,-122.3374114
53033030308,+47.3083168,-122.3520249
53033030306,+47.3130416,-122.3996447
53033030305,+47.3189756,-122.3888214
53033008700,+47.6059236,-122.3077910
53033011800,+47.5154414,-122.2532080
53033011700,+47.5201716,-122.2828507
53033011600,+47.5282704,-122.3897768
53033011500,+47.5301833,-122.3755330
53033011300,+47.5273690,-122.3448435
53033011200,+47.5285208,-122.3248817
53033011102,+47.5379284,-122.2633605
53033032212,+47.5709700,-122.0083907
53033023100,+47.6067132,-122.1114759
53033023603,+47.6173977,-122.1508058
53033023300,+47.6003452,-122.1289619
53033023401,+47.5867489,-122.1467322
53033023500,+47.5913824,-122.1728599
53033030304,+47.2732632,-122.3318560
53033030202,+47.3243897,-122.3231288
53033030201,+47.3206275,-122.3485442
53033030100,+47.3361138,-122.3469054
53033030004,+47.3501042,-122.3033872
53033030003,+47.3588458,-122.3152313
53033011101,+47.5394840,-122.2773724
53033008600,+47.6071015,-122.3166893
53033008500,+47.6051125,-122.3249464
53033008400,+47.6134675,-122.3239419
53033008300,+47.6118178,-122.3280041
53033008200,+47.6103728,-122.3319410
53033008100,+47.6058741,-122.3393423
53033008002,+47.6120871,-122.3452591
53033008001,+47.6150718,-122.3555298
53033007900,+47.6143865,-122.3076722
53033007800,+47.6141558,-122.2810958
53033007700,+47.6191203,-122.2973516
53033023601,+47.6104586,-122.1719138
53033024601,+47.5484565,-122.2237306
53033023604,+47.5993896,-122.1539499
53033023700,+47.6327201,-122.1733574
53033029902,+47.3241338,-122.2580667
53033029901,+47.3240587,-122.2823360
53033029802,+47.3445746,-122.2747262
53033029801,+47.3609177,-122.2683819
53033029700,+47.3646803,-122.2258729
53033029602,+47.3383864,-122.1880544
53033029601,+47.3561518,-122.1841491
53033029504,+47.3797202,-122.1945497
53033007600,+47.6218678,-122.3075858
53033007500,+47.6183901,-122.3168861
53033007300,+47.6199883,-122.3335164
53033007200,+47.6194539,-122.3431175
53033007100,+47.6224443,-122.3574017
53033007000,+47.6282328,-122.3568062
53033006900,+47.6343628,-122.3669714
53033006800,+47.6360306,-122.3564653
53033006700,+47.6318633,-122.3442667
53033006600,+47.6296259,-122.3310053
53033006500,+47.6309633,-122.3177579
53033023801,+47.5957098,-122.1886970
53033024000,+47.6273756,-122.2042081
53033024701,+47.5614775,-122.1808594
53033024901,+47.5633033,-122.1575188
53033024702,+47.5396242,-122.1897607
53033021700,+47.7641311,-122.2351861
53033022001,+47.7451437,-122.1989202
53033029503,+47.3763084,-122.2063943
53033029502,+47.3741574,-122.1753447
53033029408,+47.3946962,-122.1916681
53033029407,+47.3942408,-122.2017733
53033029406,+47.3974260,-122.1786798
53033029405,+47.4117274,-122.1757403
53033006400,+47.6285398,-122.3048258
53033006300,+47.6350574,-122.2767772
53033006200,+47.6391316,-122.3012264
53033006100,+47.6448423,-122.3222789
53033006000,+47.6436158,-122.3520520
53033005801,+47.6548926,-122.3850376
53033005700,+47.6581015,-122.4137704
53033026002,+47.4825107,-122.2239768
53033025804,+47.4547647,-122.1691692
53033031909,+47.4378388,-122.1434772
53033031908,+47.4471071,-122.1427639
53033022102,+47.7424060,-122.2259045
53033022500,+47.6799808,-122.1926045
53033029403,+47.4094368,-122.2002607
53033029307,+47.4218407,-122.1594823
53033029306,+47.4217238,-122.1835438
53033028902,+47.3994087,-122.3017641
53033028901,+47.4026302,-122.3203514
53033028802,+47.4249416,-122.2880021
53033028801,+47.4206939,-122.3086060
53033005600,+47.6405468,-122.4071053
53033005400,+47.6486281,-122.3381362
53033005302,+47.6540494,-122.3013013
53033005301,+47.6615050,-122.3131216
53033005200,+47.6595705,-122.3235185
53033005100,+47.6585183,-122.3322481
53033005000,+47.6608696,-122.3418076
53033004900,+47.6571964,-122.3518455
53033004800,+47.6608472,-122.3601847
53033004700,+47.6660659,-122.3749544
53033022603,+47.6948197,-122.1716302
53033022604,+47.6762277,-122.1740019
53033024300,+47.5901123,-122.2458440
53033024400,+47.5822829,-122.2178670
53033024500,+47.5664031,-122.2202549
53033028700,+47.4212394,-122.3278018
53033028600,+47.4329749,-122.3446892
53033028500,+47.4454085,-122.3248135
53033028403,+47.4388693,-122.2831589
53033028402,+47.4501488,-122.3030373
53033028300,+47.4309168,-122.2693876
53033004600,+47.6830920,-122.3378674
53033004500,+47.6685824,-122.3229111
53033004400,+47.6703410,-122.3119324
53033004200,+47.6702043,-122.2841019
53033004100,+47.6678440,-122.2587932
53033004000,+47.6817180,-122.2523680
53033003900,+47.6794117,-122.2823414
53033003800,+47.6794093,-122.2955292
53033025701,+47.4716037,-122.1913955
53033022802,+47.6633906,-122.1350007
53033032309,+47.6856250,-122.1338165
53033032325,+47.6864819,-122.1049565
53033028200,+47.4656308,-122.2755633
53033028100,+47.4686896,-122.2991209
53033028000,+47.4666281,-122.3239219
53033027900,+47.4638936,-122.3478454
53033027800,+47.4515094,-122.3679231
53033027702,+47.3727844,-122.4617896
53033005900,+47.6492259,-122.3685688
53033005802,+47.6353633,-122.3802928
53033003600,+47.6771912,-122.3242054
53033003500,+47.6725466,-122.3520881
53033003400,+47.6740646,-122.3617463
53033003300,+47.6759714,-122.3768125
53033003200,+47.6753292,-122.4022854
53033003100,+47.6877574,-122.3964308
53033025400,+47.4945390,-122.1839089
53033025500,+47.4970722,-122.1699618
53033025702,+47.4638347,-122.1646500
53033032316,+47.6392221,-122.0712508
53033032318,+47.6350729,-122.0320767
53033031202,+47.2529061,-122.0687913
53033031204,+47.3063880,-122.1299110
53033031302,+47.1859757,-122.0118854
53033032601,+47.5830194,-121.8625236
53033027600,+47.4745719,-122.3595893
53033029305,+47.4219144,-122.2114434
53033029304,+47.4382513,-122.1715428
53033029303,+47.4364727,-122.1998867
53033029204,+47.3955305,-122.2160422
53033003000,+47.6850958,-122.3740444
53033002900,+47.6850872,-122.3606466
53033002800,+47.6851200,-122.3499256
53033002700,+47.6868673,-122.3311252
53033002600,+47.6822031,-122.3113993
53033002500,+47.6838969,-122.3022793
53033002400,+47.6866812,-122.2878258
53033002200,+47.6922985,-122.2695132
53033002100,+47.6953673,-122.2980453
53033002000,+47.6953310,-122.3108025
53033031400,+47.2066360,-121.9889145
53033032007,+47.3907805,-122.0670808
53033025101,+47.5093920,-122.1549957
53033025200,+47.5106885,-122.1827358
53033022003,+47.7257310,-122.1982413
53033022201,+47.7263403,-122.2320467
53033029203,+47.3862746,-122.2313701
53033029004,+47.3799024,-122.2968653
53033029003,+47.3824985,-122.3057539
53033029001,+47.3840122,-122.3220799
53033027500,+47.4816357,-122.3411720
53033027400,+47.4827326,-122.3236114
53033001900,+47.6965350,-122.3262160
53033001800,+47.6940450,-122.3419779
53033001600,+47.7004763,-122.3799018
53033001500,+47.6945678,-122.3949423
53033001400,+47.7078795,-122.3674088
53033001300,+47.7022812,-122.3421790
53033001200,+47.7071214,-122.3228194
53033001100,+47.7065470,-122.3068073
53033001000,+47.7064067,-122.2960648
53033000900,+47.7063747,-122.2749586
53033022202,+47.7206893,-122.2143318
53033032323,+47.6986018,-122.1117667
53033021600,+47.7670330,-122.2582785
53033021903,+47.7175135,-122.1788294
53035090700,+47.6852821,-122.5277093
53035090800,+47.6693456,-122.5631367
53035090900,+47.6333101,-122.5117509
53035091000,+47.6132875,-122.5438046
53035080101,+47.5971070,-122.6486496
53035080102,+47.5922515,-122.6376930
53035080200,+47.5976000,-122.6212773
53035080300,+47.5824265,-122.6232033
53035080400,+47.5863131,-122.6019830
53035080600,+47.5794687,-122.6494564
53035080700,+47.5884104,-122.6706847
53035092801,+47.4958759,-122.6138939
53035091204,+47.6476451,-122.6745040
53035091302,+47.6525241,-122.7426112
53035091400,+47.6074006,-122.6924666
53035091500,+47.6289311,-122.6690341
53035091600,+47.6396874,-122.6496358
53035091700,+47.6425805,-122.6193568
53035091800,+47.6113967,-122.6081424
53035092000,+47.5615460,-122.8554719
53035080500,+47.5683301,-122.6232745
53035080900,+47.5615650,-122.6985439
53035081000,+47.5543853,-122.6691723
53035081100,+47.5649675,-122.6575808
53035081200,+47.5671811,-122.6428551
53035081400,+47.5610421,-122.6387647
53035091301,+47.6173992,-122.8168629
53035091201,+47.6484942,-122.7008884
53035091203,+47.6707603,-122.6645322
53035091900,+47.6136699,-122.6522303
53035090101,+47.8624388,-122.5670030
53035090102,+47.8204765,-122.5109577
53035092100,+47.4951377,-122.7237434
53035092200,+47.5289923,-122.6484447
53035092400,+47.5212725,-122.5964115
53035092500,+47.5538714,-122.5930563
53035092600,+47.5610352,-122.5525085
53035092901,+47.4390597,-122.7260004
53035092300,+47.5189391,-122.6250081
53035090300,+47.7245503,-122.7160114
53035090400,+47.7102631,-122.6785877
53035940100,+47.7322265,-122.5848131
53035940000,+47.7553263,-122.5115056
53035091100,+47.6758713,-122.6317757
53035080800,+47.5877911,-122.6911832
53035092802,+47.4533702,-122.5753609
53035092803,+47.4150138,-122.5864467
53035092902,+47.4341433,-122.6417881
53035090202,+47.8017003,-122.6118080
53035090502,+47.7402073,-122.6267559
53035090201,+47.7826635,-122.6720419
53035090501,+47.7426164,-122.6545971
53035092704,+47.5064576,-122.5168074
53035092701,+47.4929960,-122.5767433
53035990100,+47.7235943,-122.4593993
53053062000,+47.2293124,-122.4184094
53053071601,+47.1797628,-122.4100405
53053073111,+47.1222606,-122.2774345
53053940007,+47.2321170,-122.4011947
53053940006,+47.2153941,-122.4012241
53053073116,+47.0222680,-122.3223800
53053072800,+47.1023688,-122.6646903
53053072107,+47.1677820,-122.5585803
53053071703,+47.1709835,-122.4639940
53053073113,+47.0719425,-122.2649319
53053072506,+47.3645964,-122.5517132
53053071411,+47.0718234,-122.4088549
53053071410,+47.0857643,-122.4199422
53053072308,+47.2057027,-122.5747949
53053940010,+47.2059953,-122.3015523
53053071409,+47.1007056,-122.4174613
53053073302,+47.1972462,-122.2371882
53053071803,+47.1847255,-122.5078626
53053073115,+47.0394147,-122.3483495
53053072106,+47.1861360,-122.5339610
53053072105,+47.1871468,-122.5532610
53053062600,+47.2203846,-122.4773836
53053073200,+46.8396447,-122.1317883
53053072410,+47.2524317,-122.6399961
53053073110,+47.1337449,-122.2530423
53053073108,+47.0940827,-122.3370511
53053071902,+47.1530137,-122.5374064
53053072307,+47.2165495,-122.5529414
53053072311,+47.2315090,-122.5321758
53053072109,+47.1668216,-122.6128467
53053072407,+47.2984272,-122.5635095
53053073001,+46.9683597,-122.5002896
53053070100,+46.9553624,-121.8157019
53053073006,+46.8987783,-122.4184454
53053070206,+47.1089989,-122.0918590
53053071506,+47.1216337,-122.4054248
53053071504,+47.1456890,-122.4452788
53053070309,+47.1858588,-122.1481055
53053063501,+47.1864470,-122.4512342
53053071901,+47.1583515,-122.5177139
53053062900,+47.2003278,-122.4786272
53053063000,+47.1971869,-122.4677762
53053070401,+47.1679233,-122.2248326
53053063502,+47.1750750,-122.4516642
53053072405,+47.2956531,-122.6750802
53053061200,+47.2490842,-122.4745331
53053073404,+47.1826415,-122.3069138
53053073005,+46.9733114,-122.3874181
53053072504,+47.3460517,-122.6414481
53053072309,+47.2248260,-122.5651033
53053060300,+47.3068050,-122.5268439
53053071706,+47.1564998,-122.4672848
53053071705,+47.1641662,-122.4433982
53053071704,+47.1638216,-122.4667714
53053072408,+47.2834071,-122.5809474
53053071403,+47.1155465,-122.4489870
53053070207,+47.1508943,-122.0115296
53053071209,+47.1635255,-122.2649720
53053072406,+47.3077702,-122.6229472
53053061601,+47.2542282,-122.4402346
53053061800,+47.2267887,-122.4518296
53053072603,+47.1876657,-122.6960086
53053072602,+47.3084174,-122.7610669
53053072601,+47.3762038,-122.7506193
53053061500,+47.2621959,-122.4494502
53053072503,+47.3846855,-122.6607818
53053061300,+47.2500153,-122.4589966
53053061700,+47.2378480,-122.4584513
53053070307,+47.2048941,-122.1282680
53053061602,+47.2401479,-122.4377427
53053070308,+47.1839320,-122.1780732
53053072305,+47.2311155,-122.5158342
53053062801,+47.2222193,-122.4973623
53053071210,+47.1707139,-122.2423900
53053071307,+47.1493363,-122.3334484
53053062802,+47.1940103,-122.4964480
53053063400,+47.1809619,-122.4314571
53053072108,+47.1454232,-122.5576115
53053071408,+47.1098273,-122.4204449
53053073114,+47.0308050,-122.3745408
53053071503,+47.1333060,-122.4516947
53053061400,+47.2502435,-122.4483264
53053940002,+47.2490363,-122.3642571
53053072313,+47.2136116,-122.5174316
53053071806,+47.1443886,-122.5053556
53053062500,+47.2149304,-122.4522073
53053072111,+47.1661657,-122.5908460
53053072112,+47.1605593,-122.5773633
53053940011,+47.3011330,-122.4160048
53053071805,+47.1599265,-122.5002916
53053060600,+47.2733562,-122.4580971
53053061100,+47.2455764,-122.4936719
53053072312,+47.2042886,-122.5203211
53053071808,+47.1783530,-122.4746903
53053071807,+47.1695266,-122.4954820
53053073123,+47.0903198,-122.2431361
53053070404,+47.1116228,-122.2200468
53053070403,+47.0801301,-122.2071121
53053070313,+47.2078839,-122.1936980
53053070314,+47.2300552,-122.1944515
53053070315,+47.2379348,-122.1632180
53053070316,+47.2472590,-122.2206713
53053073125,+47.0793129,-122.3165830
53053072903,+47.1289002,-122.6057942
53053071407,+47.0618192,-122.3511337
53053060800,+47.2655960,-122.4963465
53053073119,+46.9720079,-122.2136590
53053072507,+47.3287892,-122.5856632
53053072409,+47.2832879,-122.6150485
53053071406,+47.0733893,-122.3822004
53053073126,+47.0907184,-122.3014937
53053073408,+47.1994555,-122.3202118
53053073406,+47.1839926,-122.2645159
53053073121,+47.1034997,-122.3054274
53053071310,+47.1314507,-122.3461628
53053071309,+47.1150434,-122.3403114
53053072906,+47.0454568,-122.5519881
53053940004,+47.2077761,-122.3725062
53053071206,+47.1661273,-122.3239650
53053062300,+47.2142233,-122.4167847
53053060200,+47.2668489,-122.4078355
53053060904,+47.2806538,-122.5091286
53053061002,+47.2462062,-122.5223595
53053061001,+47.2539480,-122.5485229
53053070312,+47.1665638,-122.2056856
53053940003,+47.2287315,-122.3450761
53053073120,+47.1162824,-122.2980948
53053073122,+47.1057866,-122.2741687
53053073405,+47.1745628,-122.2781059
53053073407,+47.1983845,-122.2976951
53053073124,+47.0645059,-122.3041250
53053070703,+47.2489124,-122.3177058
53053071306,+47.1240725,-122.3793226
53053073301,+47.2248304,-122.2363016
53053060700,+47.2613730,-122.4785267
53053072310,+47.2295839,-122.5435661
53053072000,+47.1229256,-122.5401796
53053073118,+47.0448354,-122.2375969
53053072905,+47.0909343,-122.6067137
53053072907,+47.1060657,-122.5398907
53053073500,+47.2320641,-122.2738310
53053061900,+47.2276734,-122.4341708
53053070310,+47.1607452,-122.1649269
53053072901,+47.1298545,-122.4905632
53053071602,+47.1599423,-122.4182984
53053071305,+47.1506822,-122.3862320
53053073117,+46.9669034,-122.3256853
53053072505,+47.3769849,-122.5993723
53053940005,+47.2791894,-122.3721534
53053060500,+47.2752080,-122.4754377
53053060905,+47.2665694,-122.5335814
53053060906,+47.2632968,-122.5098129
53053060903,+47.2860173,-122.5263961
53053060400,+47.2852555,-122.4851483
53053063100,+47.1974147,-122.4517800
53053070205,+47.1593963,-122.0886541
53053071207,+47.1604416,-122.2781334
53053063200,+47.1989933,-122.4321664
53053071505,+47.1323773,-122.4235678
53053070311,+47.1573307,-122.1379143
53053940009,+47.2297400,-122.3127618
53053940008,+47.2939997,-122.3954600
53053070204,+47.1390217,-122.1299688
53053071304,+47.1330146,-122.3093647
53053071707,+47.1547535,-122.4423065
53053070203,+47.1299811,-122.1842540
53053071100,+47.1747129,-122.3718732
53053940001,+47.3053995,-122.4435979
53053071205,+47.1870716,-122.3416388
53053071208,+47.1421826,-122.2715319
53053062400,+47.2145262,-122.4337774
53053063300,+47.1990218,-122.4086992
53061041810,+47.8860716,-122.2490656
53061051924,+47.8189150,-122.1962239
53061051922,+47.8110567,-122.2248515
53061051921,+47.8208453,-122.2204838
53061051926,+47.7937206,-122.1619665
53061052115,+47.8698349,-122.1561804
53061052114,+47.8506574,-122.1549290
53061052209,+47.8308302,-122.0133223
53061052709,+48.0899357,-122.0985926
53061053604,+48.0805090,-122.0070461
53061053603,+48.0468633,-122.0181814
53061052906,+48.0691980,-122.1536756
53061053508,+48.1874425,-122.1660906
53061052905,+48.0674688,-122.1733772
53061041809,+47.8917497,-122.2455166
53061051928,+47.8434058,-122.2480891
53061041303,+47.9408220,-122.2465469
53061051923,+47.8327478,-122.2090256
53061051925,+47.7949205,-122.1910322
53061052208,+47.8564399,-121.9845322
53061052708,+48.0626285,-122.1301068
53061053507,+48.1643568,-122.1298558
53061053509,+48.1633405,-122.1616238
53061040500,+47.9849396,-122.1815113
53061052003,+47.8522285,-122.1797467
53061052118,+47.8662947,-122.1319588
53061990100,+48.2830295,-122.4109963
53061041304,+47.9448887,-122.2664436
53061990002,+48.0002690,-122.3350510
53061041704,+47.8674032,-122.2252011
53061051927,+47.8354398,-122.2381827
53061041703,+47.8609900,-122.2427968
53061041606,+47.8857346,-122.1969527
53061040900,+47.9601341,-122.2360800
53061041608,+47.8860204,-122.1686508
53061041601,+47.9162101,-122.1933019
53061041806,+47.9016415,-122.2299358
53061041905,+47.9014135,-122.2571911
53061041904,+47.9167720,-122.2388771
53061041701,+47.8899399,-122.2149774
53061041811,+47.8706490,-122.2510080
53061052706,+48.0086872,-122.1211573
53061052707,+48.0261678,-122.1149932
53061051804,+47.8572159,-122.2638423
53061051803,+47.8562368,-122.2815196
53061041812,+47.8750642,-122.2668833
53061053602,+48.0123273,-121.6786912
53061040700,+47.9727623,-122.1967897
53061041903,+47.9153115,-122.2579258
53061052206,+47.9277104,-121.9382259
53061041301,+47.9375653,-122.3042307
53061053505,+48.1098756,-122.0407893
53061053700,+48.2383106,-121.4403473
53061042001,+47.9114849,-122.3146889
53061042003,+47.8677660,-122.3238457
53061050200,+47.8446498,-122.3375715
53061050500,+47.8066452,-122.3782361
53061050600,+47.7881057,-122.3881006
53061050700,+47.7846492,-122.3651016
53061051000,+47.7926729,-122.3232195
53061041400,+47.9417245,-122.2038809
53061041607,+47.8983789,-122.1734933
53061041000,+47.9601840,-122.2135269
53061051913,+47.7999629,-122.2682740
53061051100,+47.7839905,-122.3071192
53061051300,+47.7923720,-122.2912982
53061051400,+47.8129270,-122.3065992
53061051500,+47.8207615,-122.3264263
53061051701,+47.8299717,-122.2999364
53061051601,+47.8448193,-122.3092820
53061052603,+48.0318160,-122.0850872
53061052203,+47.8782187,-121.9800353
53061051905,+47.8160607,-122.2709145
53061051916,+47.7997544,-122.2291906
53061052007,+47.8395035,-122.1993428
53061051917,+47.7839864,-122.2452217
53061052005,+47.8578829,-122.2038669
53061050300,+47.8271431,-122.3568555
53061050401,+47.8147486,-122.3495501
53061050402,+47.8043922,-122.3499125
53061050800,+47.7932148,-122.3507755
53061051914,+47.7843007,-122.2727108
53061052604,+47.9986056,-122.0930361
53061052607,+47.9688262,-122.0745008
53061052903,+48.0531551,-122.1722506
53061053302,+48.2589939,-122.2781367
53061053301,+48.2560314,-122.3660164
53061053201,+48.1945320,-122.3190817
53061050900,+47.7859889,-122.3371350
53061042004,+47.8728900,-122.2857111
53061051702,+47.8312065,-122.2863838
53061051915,+47.8060371,-122.2466566
53061051802,+47.8396160,-122.2735791
53061052004,+47.8686950,-122.2071675
53061051200,+47.7978124,-122.3058174
53061042005,+47.8831550,-122.3140330
53061052006,+47.8494716,-122.1963272
53061040200,+48.0044148,-122.1878860
53061040100,+48.0041499,-122.2197294
53061040300,+47.9941342,-122.2000385
53061040800,+47.9780755,-122.2204000
53061040400,+47.9862417,-122.2162288
53061041202,+47.9282413,-122.2252643
53061041201,+47.9447703,-122.2356220
53061041100,+47.9446593,-122.2205112
53061041500,+47.9358943,-122.1869829
53061041805,+47.9140418,-122.2226772
53061051602,+47.8340050,-122.3155946
53061042006,+47.8941034,-122.2989299
53061052606,+48.0041225,-122.0488908
53061052605,+48.0191053,-122.0667747
53061051912,+47.7858501,-122.1074077
53061052401,+47.9258660,-122.0952218
53061052107,+47.8242011,-122.1557842
53061052108,+47.8312189,-122.1027589
53061052904,+48.0510765,-122.1496770
53061041605,+47.9010872,-122.1958154
53061052207,+47.9021504,-121.8778153
53061052204,+47.8667668,-122.0183865
53061053802,+47.8662784,-121.8247780
53061041901,+47.9016570,-122.2789279
53061052104,+47.9866900,-122.1669708
53061052105,+47.8788198,-122.0930753
53061052301,+47.9615588,-122.0179745
53061052302,+47.9119988,-122.0322076
53061052504,+47.9658366,-122.1113114
53061052503,+47.9865002,-122.1160199
53061052705,+48.0521058,-122.1020985
53061052502,+47.9347064,-122.1187816
53061053102,+48.1387632,-122.2356312
53061053101,+48.1730236,-122.2333219
53061053202,+48.1432722,-122.3444577
53061053400,+48.2773898,-122.1467616
53061053504,+48.1810168,-122.1077020
53061052701,+48.1245256,-122.1185986
53061052806,+48.0834178,-122.1511314
53061052803,+48.1334674,-122.1638698
53061052804,+48.1045956,-122.1601670
53061940001,+48.0752411,-122.2219208
53061940002,+48.0961405,-122.3026053
53061053506,+48.2011528,-121.9823827
53061053801,+47.8743738,-121.4514041
53061053803,+47.8955608,-121.6492101
53061050102,+47.8581251,-122.2955890
53061050101,+47.8603786,-122.3236642
53061051918,+47.7834128,-122.2143856
53061052112,+47.8014758,-122.0715773
53061052113,+47.7926846,-122.0212172
53061052402,+47.9150606,-122.0895205
53061052805,+48.0859196,-122.1745385
53061041808,+47.8908306,-122.2308250
